Hour,Occupancy (%),Speed (mph),VMT (Veh-Miles),VHT (Veh-Hours),TTI,South,East,North,Flow (Veh/Hour)
1/1/2023 0:00,3.20 ,56.60 ,1599.10 ,28.20 ,1.10 ,1718.00 ,2289.00 ,1560.00 ,1929.00 
1/1/2023 1:00,5.00 ,53.80 ,2583.20 ,48.00 ,1.10 ,2040.00 ,2989.00 ,2203.00 ,3116.00 
1/1/2023 2:00,3.00 ,65.80 ,1864.40 ,28.30 ,0.90 ,1521.00 ,2580.00 ,1333.00 ,2249.00 
1/1/2023 3:00,3.30 ,67.30 ,2175.30 ,32.30 ,0.90 ,904.00 ,2648.00 ,936.00 ,2624.00 
1/1/2023 4:00,1.80 ,68.30 ,1131.60 ,16.60 ,0.90 ,774.00 ,1846.00 ,743.00 ,1365.00 
1/1/2023 5:00,1.40 ,69.80 ,902.00 ,12.90 ,0.90 ,869.00 ,1610.00 ,795.00 ,1088.00 
1/1/2023 6:00,1.50 ,69.70 ,968.30 ,13.90 ,0.90 ,1262.00 ,1589.00 ,1274.00 ,1168.00 
1/1/2023 7:00,1.80 ,69.60 ,1169.70 ,16.80 ,0.90 ,1732.00 ,1829.00 ,1804.00 ,1411.00 
1/1/2023 8:00,2.90 ,66.50 ,1799.80 ,27.10 ,0.90 ,2350.00 ,2241.00 ,2521.00 ,2171.00 
1/1/2023 9:00,3.90 ,65.70 ,2507.70 ,38.20 ,0.90 ,3209.00 ,2736.00 ,3297.00 ,3025.00 
1/1/2023 10:00,5.90 ,62.70 ,3718.90 ,59.30 ,1.00 ,4234.00 ,3387.00 ,4110.00 ,4486.00 
1/1/2023 11:00,7.10 ,60.60 ,4410.30 ,72.80 ,1.00 ,4846.00 ,3855.00 ,5003.00 ,5320.00 
1/1/2023 12:00,7.80 ,59.10 ,4784.20 ,80.90 ,1.00 ,5040.00 ,4139.00 ,5329.00 ,5771.00 
1/1/2023 13:00,8.10 ,57.60 ,4839.70 ,84.00 ,1.00 ,4853.00 ,4228.00 ,5336.00 ,5838.00 
1/1/2023 14:00,7.10 ,59.30 ,4372.20 ,73.80 ,1.00 ,4791.00 ,4048.00 ,4876.00 ,5274.00 
1/1/2023 15:00,7.30 ,60.00 ,4538.80 ,75.70 ,1.00 ,4437.00 ,4058.00 ,4415.00 ,5475.00 
1/1/2023 16:00,7.40 ,59.10 ,4489.90 ,75.90 ,1.00 ,4156.00 ,3951.00 ,4088.00 ,5416.00 
1/1/2023 17:00,7.80 ,58.10 ,4688.00 ,80.70 ,1.00 ,3727.00 ,4112.00 ,3827.00 ,5655.00 
1/1/2023 18:00,7.40 ,59.50 ,4513.90 ,75.90 ,1.00 ,3088.00 ,3995.00 ,3286.00 ,5445.00 
1/1/2023 19:00,6.90 ,61.60 ,4243.70 ,68.90 ,1.00 ,3057.00 ,3826.00 ,3066.00 ,5119.00 
1/1/2023 20:00,6.00 ,62.20 ,3759.50 ,60.40 ,1.00 ,2559.00 ,3479.00 ,2562.00 ,4535.00 
1/1/2023 21:00,5.10 ,66.90 ,3268.80 ,48.90 ,0.90 ,2132.00 ,3113.00 ,2219.00 ,3943.00 
1/1/2023 22:00,3.50 ,69.00 ,2341.10 ,33.90 ,0.90 ,1892.00 ,2598.00 ,1967.00 ,2824.00 
1/1/2023 23:00,2.60 ,67.70 ,1663.00 ,24.60 ,0.90 ,1311.00 ,2125.00 ,1363.00 ,2006.00 
1/2/2023 0:00,1.60 ,69.60 ,1040.40 ,14.90 ,0.90 ,885.00 ,1732.00 ,936.00 ,1255.00 
1/2/2023 1:00,1.40 ,67.80 ,771.00 ,11.40 ,0.90 ,728.00 ,1511.00 ,690.00 ,930.00 
1/2/2023 2:00,1.40 ,68.20 ,738.60 ,10.80 ,0.90 ,568.00 ,1435.00 ,497.00 ,891.00 
1/2/2023 3:00,1.80 ,66.30 ,877.10 ,13.20 ,0.90 ,611.00 ,1574.00 ,516.00 ,1058.00 
1/2/2023 4:00,2.50 ,69.20 ,1420.10 ,20.50 ,0.90 ,937.00 ,1948.00 ,854.00 ,1713.00 
1/2/2023 5:00,2.90 ,68.10 ,1594.20 ,23.40 ,0.90 ,1447.00 ,2164.00 ,1482.00 ,1923.00 
1/2/2023 6:00,3.40 ,70.90 ,2031.90 ,28.70 ,0.90 ,2210.00 ,2423.00 ,2176.00 ,2451.00 
1/2/2023 7:00,3.90 ,70.00 ,2253.20 ,32.20 ,0.90 ,2962.00 ,2648.00 ,2955.00 ,2718.00 
1/2/2023 8:00,4.80 ,67.60 ,2776.30 ,41.10 ,0.90 ,3473.00 ,2902.00 ,3604.00 ,3349.00 
1/2/2023 9:00,5.40 ,65.40 ,3180.00 ,48.70 ,0.90 ,4188.00 ,3238.00 ,4309.00 ,3836.00 
1/2/2023 10:00,7.10 ,64.80 ,4104.40 ,63.30 ,0.90 ,4966.00 ,3829.00 ,5114.00 ,4951.00 
1/2/2023 11:00,7.90 ,64.20 ,4634.10 ,72.20 ,0.90 ,5697.00 ,4204.00 ,5644.00 ,5590.00 
1/2/2023 12:00,8.70 ,63.30 ,5059.40 ,79.90 ,1.00 ,5500.00 ,4441.00 ,5759.00 ,6103.00 
1/2/2023 13:00,9.00 ,61.50 ,5046.10 ,82.00 ,1.00 ,5431.00 ,4528.00 ,5304.00 ,6087.00 
1/2/2023 14:00,8.20 ,62.50 ,4757.60 ,76.10 ,1.00 ,4512.00 ,4321.00 ,4654.00 ,5739.00 
1/2/2023 15:00,8.30 ,63.30 ,4829.80 ,76.30 ,1.00 ,4321.00 ,4311.00 ,4799.00 ,5826.00 
1/2/2023 16:00,8.20 ,62.70 ,4754.30 ,75.80 ,1.00 ,4366.00 ,4195.00 ,4493.00 ,5735.00 
1/2/2023 17:00,7.90 ,61.90 ,4445.90 ,71.80 ,1.00 ,4031.00 ,4080.00 ,4098.00 ,5363.00 
1/2/2023 18:00,6.90 ,62.20 ,3887.20 ,62.50 ,1.00 ,3485.00 ,3671.00 ,3633.00 ,4689.00 
1/2/2023 19:00,6.70 ,61.10 ,3597.00 ,58.90 ,1.00 ,3047.00 ,3418.00 ,3159.00 ,4339.00 
1/2/2023 20:00,6.00 ,61.10 ,3258.00 ,53.40 ,1.00 ,2583.00 ,3108.00 ,2874.00 ,3930.00 
1/2/2023 21:00,4.30 ,64.90 ,2413.20 ,37.20 ,0.90 ,2101.00 ,2749.00 ,2359.00 ,2911.00 
1/2/2023 22:00,3.90 ,66.50 ,2177.00 ,32.80 ,0.90 ,1871.00 ,2442.00 ,1741.00 ,2626.00 
1/2/2023 23:00,2.70 ,67.90 ,1454.10 ,21.40 ,0.90 ,1444.00 ,1957.00 ,1345.00 ,1754.00 
1/3/2023 0:00,2.00 ,67.00 ,1013.00 ,15.10 ,0.90 ,1068.00 ,1706.00 ,1040.00 ,1222.00 
1/3/2023 1:00,1.80 ,66.10 ,842.30 ,12.80 ,0.90 ,757.00 ,1569.00 ,639.00 ,1016.00 
1/3/2023 2:00,2.10 ,63.90 ,909.40 ,14.20 ,0.90 ,688.00 ,1619.00 ,551.00 ,1097.00 
1/3/2023 3:00,3.30 ,64.50 ,1505.50 ,23.30 ,0.90 ,972.00 ,2183.00 ,828.00 ,1816.00 
1/3/2023 4:00,6.20 ,66.10 ,3106.30 ,47.00 ,0.90 ,1867.00 ,3196.00 ,1545.00 ,3747.00 
1/3/2023 5:00,10.40 ,63.30 ,4683.90 ,74.00 ,1.00 ,3019.00 ,4061.00 ,2622.00 ,5650.00 
1/3/2023 6:00,13.00 ,51.70 ,5075.10 ,98.20 ,1.20 ,3822.00 ,4336.00 ,3069.00 ,6122.00 
1/3/2023 7:00,12.40 ,49.50 ,5170.50 ,104.50 ,1.20 ,4329.00 ,4366.00 ,3452.00 ,6237.00 
1/3/2023 8:00,12.30 ,49.40 ,4958.30 ,100.30 ,1.20 ,4448.00 ,4214.00 ,3743.00 ,5981.00 
1/3/2023 9:00,11.00 ,51.70 ,4615.90 ,89.40 ,1.20 ,4282.00 ,4009.00 ,4036.00 ,5568.00 
1/3/2023 10:00,10.70 ,53.80 ,4576.10 ,85.10 ,1.10 ,4512.00 ,4189.00 ,4384.00 ,5520.00 
1/3/2023 11:00,10.40 ,55.30 ,4475.80 ,81.00 ,1.10 ,5151.00 ,4124.00 ,4772.00 ,5399.00 
1/3/2023 12:00,11.70 ,52.40 ,4474.90 ,85.40 ,1.20 ,4667.00 ,4133.00 ,4764.00 ,5398.00 
1/3/2023 13:00,10.50 ,53.80 ,4661.50 ,86.60 ,1.10 ,4484.00 ,4170.00 ,2487.00 ,5623.00 
1/3/2023 14:00,25.40 ,26.40 ,4338.20 ,164.10 ,2.30 ,5046.00 ,3998.00 ,5053.00 ,5233.00 
1/3/2023 15:00,13.20 ,42.40 ,4598.50 ,108.60 ,1.40 ,5227.00 ,4066.00 ,5381.00 ,5547.00 
1/3/2023 16:00,12.90 ,52.90 ,5299.80 ,100.10 ,1.10 ,5172.00 ,4494.00 ,5339.00 ,6393.00 
1/3/2023 17:00,12.00 ,55.70 ,5397.60 ,96.90 ,1.10 ,4889.00 ,4609.00 ,5343.00 ,6511.00 
1/3/2023 18:00,7.60 ,64.50 ,4084.50 ,63.30 ,0.90 ,4346.00 ,3811.00 ,4649.00 ,4927.00 
1/3/2023 19:00,5.90 ,66.40 ,3170.10 ,47.80 ,0.90 ,3775.00 ,3165.00 ,3827.00 ,3824.00 
1/3/2023 20:00,4.60 ,68.40 ,2498.60 ,36.50 ,0.90 ,3099.00 ,2785.00 ,3024.00 ,3014.00 
1/3/2023 21:00,4.10 ,67.50 ,2133.90 ,31.60 ,0.90 ,2517.00 ,2677.00 ,2492.00 ,2574.00 
1/3/2023 22:00,3.20 ,69.80 ,1712.70 ,24.50 ,0.90 ,2224.00 ,2374.00 ,2345.00 ,2066.00 
1/3/2023 23:00,2.50 ,66.40 ,1185.50 ,17.90 ,0.90 ,1603.00 ,2102.00 ,1689.00 ,1430.00 
1/4/2023 0:00,1.90 ,70.80 ,868.00 ,12.30 ,0.90 ,1164.00 ,1734.00 ,1250.00 ,1047.00 
1/4/2023 1:00,1.60 ,67.90 ,708.80 ,10.40 ,0.90 ,978.00 ,1647.00 ,933.00 ,855.00 
1/4/2023 2:00,2.00 ,64.30 ,818.20 ,12.70 ,0.90 ,937.00 ,1962.00 ,917.00 ,987.00 
1/4/2023 3:00,2.90 ,65.50 ,1349.60 ,20.60 ,0.90 ,1168.00 ,2292.00 ,959.00 ,1628.00 
1/4/2023 4:00,4.80 ,73.10 ,2556.60 ,35.00 ,0.80 ,1934.00 ,3031.00 ,1507.00 ,3084.00 
1/4/2023 5:00,18.70 ,22.30 ,1612.40 ,72.40 ,2.70 ,2918.00 ,2781.00 ,2513.00 ,1945.00 
1/4/2023 6:00,21.70 ,5.70 ,602.70 ,106.20 ,10.60 ,3971.00 ,2296.00 ,3498.00 ,727.00 
1/4/2023 7:00,20.70 ,29.00 ,3731.30 ,128.80 ,2.10 ,4660.00 ,3954.00 ,3650.00 ,4501.00 
1/4/2023 8:00,23.10 ,21.30 ,3871.40 ,181.90 ,2.80 ,4778.00 ,3937.00 ,3756.00 ,4670.00 
1/4/2023 9:00,15.40 ,37.90 ,3966.80 ,104.60 ,1.60 ,4485.00 ,4112.00 ,3766.00 ,4785.00 
1/4/2023 10:00,16.90 ,34.80 ,3917.00 ,112.40 ,1.70 ,4481.00 ,4154.00 ,4277.00 ,4725.00 
1/4/2023 11:00,24.20 ,17.80 ,3339.20 ,187.90 ,3.40 ,4645.00 ,4000.00 ,4556.00 ,4028.00 
1/4/2023 12:00,21.80 ,24.60 ,3592.90 ,146.30 ,2.40 ,4971.00 ,4194.00 ,5020.00 ,4334.00 
1/4/2023 13:00,18.20 ,27.90 ,4058.80 ,145.30 ,2.20 ,5128.00 ,4337.00 ,5399.00 ,4896.00 
1/4/2023 14:00,12.90 ,50.90 ,4552.90 ,89.40 ,1.20 ,5625.00 ,4203.00 ,5423.00 ,5492.00 
1/4/2023 15:00,12.90 ,44.70 ,4746.90 ,106.20 ,1.30 ,5800.00 ,4273.00 ,5516.00 ,5726.00 
1/4/2023 16:00,10.70 ,61.20 ,5364.50 ,87.70 ,1.00 ,4960.00 ,4538.00 ,5713.00 ,6471.00 
1/4/2023 17:00,9.50 ,63.70 ,4979.80 ,78.20 ,0.90 ,5300.00 ,4440.00 ,5404.00 ,6007.00 
1/4/2023 18:00,8.10 ,66.60 ,4435.20 ,66.60 ,0.90 ,4774.00 ,3988.00 ,4725.00 ,5350.00 
1/4/2023 19:00,5.50 ,68.60 ,3042.40 ,44.40 ,0.90 ,3756.00 ,3215.00 ,4144.00 ,3670.00 
1/4/2023 20:00,4.30 ,69.50 ,2400.80 ,34.60 ,0.90 ,2978.00 ,2693.00 ,3202.00 ,2896.00 
1/4/2023 21:00,3.60 ,69.90 ,1941.50 ,27.80 ,0.90 ,2615.00 ,2443.00 ,2693.00 ,2342.00 
1/4/2023 22:00,3.00 ,69.20 ,1596.70 ,23.10 ,0.90 ,2290.00 ,2189.00 ,2377.00 ,1926.00 
1/4/2023 23:00,2.20 ,67.00 ,1100.90 ,16.40 ,0.90 ,1719.00 ,1720.00 ,1665.00 ,1328.00 
1/5/2023 0:00,1.90 ,68.90 ,843.90 ,12.20 ,0.90 ,1316.00 ,1556.00 ,1253.00 ,1018.00 
1/5/2023 1:00,1.90 ,68.40 ,759.40 ,11.10 ,0.90 ,1013.00 ,1482.00 ,893.00 ,916.00 
1/5/2023 2:00,2.30 ,63.90 ,833.20 ,13.00 ,0.90 ,1075.00 ,1567.00 ,815.00 ,1005.00 
1/5/2023 3:00,3.40 ,62.60 ,1411.80 ,22.50 ,1.00 ,1208.00 ,2161.00 ,945.00 ,1703.00 
1/5/2023 4:00,5.40 ,67.80 ,2616.30 ,38.60 ,0.90 ,1803.00 ,2939.00 ,1400.00 ,3156.00 
1/5/2023 5:00,8.60 ,67.40 ,3969.30 ,58.90 ,0.90 ,2908.00 ,3801.00 ,2213.00 ,4788.00 
1/5/2023 6:00,8.40 ,57.70 ,3869.80 ,67.10 ,1.00 ,3409.00 ,3722.00 ,2593.00 ,4668.00 
1/5/2023 7:00,13.80 ,41.40 ,3918.70 ,94.60 ,1.50 ,3791.00 ,3878.00 ,2715.00 ,4727.00 
1/5/2023 8:00,9.70 ,48.00 ,3886.40 ,81.00 ,1.30 ,4150.00 ,3762.00 ,3286.00 ,4688.00 
1/5/2023 9:00,9.40 ,51.10 ,3855.70 ,75.40 ,1.20 ,3729.00 ,3662.00 ,3074.00 ,4651.00 
1/5/2023 10:00,10.10 ,44.50 ,3412.20 ,76.60 ,1.40 ,3751.00 ,3519.00 ,3328.00 ,4116.00 
1/5/2023 11:00,11.50 ,40.80 ,3376.50 ,82.80 ,1.50 ,3811.00 ,3588.00 ,3456.00 ,4073.00 
1/5/2023 12:00,6.90 ,56.20 ,3052.40 ,54.40 ,1.10 ,4206.00 ,3466.00 ,3999.00 ,3682.00 
1/5/2023 13:00,9.30 ,52.30 ,3839.90 ,73.50 ,1.20 ,4725.00 ,3761.00 ,4351.00 ,4632.00 
1/5/2023 14:00,10.50 ,50.40 ,4294.20 ,85.30 ,1.20 ,4979.00 ,3906.00 ,4641.00 ,5180.00 
1/5/2023 15:00,9.80 ,57.10 ,4688.00 ,82.10 ,1.10 ,5244.00 ,4112.00 ,5339.00 ,5655.00 
1/5/2023 16:00,10.00 ,60.30 ,4974.00 ,82.50 ,1.00 ,5119.00 ,4345.00 ,5411.00 ,6000.00 
1/5/2023 17:00,10.00 ,61.40 ,5067.70 ,82.50 ,1.00 ,5116.00 ,4397.00 ,5259.00 ,6113.00 
1/5/2023 18:00,7.50 ,64.10 ,3936.90 ,61.40 ,0.90 ,4434.00 ,3728.00 ,4684.00 ,4749.00 
1/5/2023 19:00,5.40 ,67.40 ,2920.60 ,43.30 ,0.90 ,3550.00 ,3154.00 ,3644.00 ,3523.00 
1/5/2023 20:00,4.60 ,68.50 ,2447.20 ,35.70 ,0.90 ,2974.00 ,2724.00 ,2991.00 ,2952.00 
1/5/2023 21:00,3.90 ,66.10 ,2023.60 ,30.60 ,0.90 ,2726.00 ,2363.00 ,2638.00 ,2441.00 
1/5/2023 22:00,3.10 ,66.90 ,1611.60 ,24.10 ,0.90 ,2281.00 ,2114.00 ,2218.00 ,1944.00 
1/5/2023 23:00,2.40 ,65.60 ,1141.50 ,17.40 ,0.90 ,1764.00 ,1813.00 ,1686.00 ,1377.00 
1/6/2023 0:00,2.00 ,65.50 ,877.10 ,13.40 ,0.90 ,1311.00 ,1577.00 ,1284.00 ,1058.00 
1/6/2023 1:00,1.90 ,65.50 ,749.40 ,11.40 ,0.90 ,1094.00 ,1465.00 ,919.00 ,904.00 
1/6/2023 2:00,2.00 ,67.10 ,818.20 ,12.20 ,0.90 ,1000.00 ,1547.00 ,870.00 ,987.00 
1/6/2023 3:00,2.90 ,69.50 ,1370.30 ,19.70 ,0.90 ,1162.00 ,2044.00 ,968.00 ,1653.00 
1/6/2023 4:00,5.70 ,67.80 ,2824.40 ,41.60 ,0.90 ,1761.00 ,3038.00 ,1366.00 ,3407.00 
1/6/2023 5:00,9.70 ,63.20 ,4360.50 ,69.00 ,1.00 ,3118.00 ,3938.00 ,2472.00 ,5260.00 
1/6/2023 6:00,10.80 ,52.40 ,4751.00 ,90.70 ,1.20 ,4067.00 ,4281.00 ,3303.00 ,5731.00 
1/6/2023 7:00,12.90 ,50.10 ,5359.50 ,107.00 ,1.20 ,4650.00 ,4582.00 ,3983.00 ,6465.00 
1/6/2023 8:00,12.40 ,49.10 ,5302.30 ,108.10 ,1.20 ,4855.00 ,4480.00 ,4157.00 ,6396.00 
1/6/2023 9:00,10.30 ,53.00 ,4667.30 ,88.10 ,1.10 ,4796.00 ,4156.00 ,4400.00 ,5630.00 
1/6/2023 10:00,9.80 ,53.30 ,4395.40 ,82.40 ,1.10 ,4978.00 ,4188.00 ,4779.00 ,5302.00 
1/6/2023 11:00,9.90 ,54.50 ,4599.30 ,84.40 ,1.10 ,5038.00 ,4404.00 ,5119.00 ,5548.00 
1/6/2023 12:00,10.40 ,54.50 ,4871.20 ,89.30 ,1.10 ,5108.00 ,4501.00 ,5102.00 ,5876.00 
1/6/2023 13:00,18.30 ,39.40 ,5012.10 ,127.10 ,1.50 ,5057.00 ,4615.00 ,5367.00 ,6046.00 
1/6/2023 14:00,17.90 ,25.10 ,3015.90 ,120.20 ,2.40 ,3941.00 ,3129.00 ,4760.00 ,3638.00 
1/6/2023 15:00,29.20 ,20.50 ,4773.40 ,233.40 ,2.90 ,5595.00 ,4375.00 ,5271.00 ,5758.00 
1/6/2023 16:00,26.90 ,21.60 ,4722.80 ,218.50 ,2.80 ,5167.00 ,4327.00 ,5148.00 ,5697.00 
1/6/2023 17:00,29.90 ,18.80 ,4450.90 ,237.40 ,3.20 ,5100.00 ,4182.00 ,5004.00 ,5369.00 
1/6/2023 18:00,26.70 ,21.80 ,4865.40 ,222.90 ,2.80 ,5087.00 ,4571.00 ,5304.00 ,5869.00 
1/6/2023 19:00,7.10 ,62.50 ,4044.70 ,64.70 ,1.00 ,4719.00 ,3911.00 ,4696.00 ,4879.00 
1/6/2023 20:00,4.90 ,70.00 ,2886.60 ,41.30 ,0.90 ,4014.00 ,3179.00 ,4122.00 ,3482.00 
1/6/2023 21:00,4.10 ,70.00 ,2492.00 ,35.60 ,0.90 ,3519.00 ,2809.00 ,3752.00 ,3006.00 
1/6/2023 22:00,3.90 ,66.30 ,2222.60 ,33.50 ,0.90 ,2996.00 ,2592.00 ,3239.00 ,2681.00 
1/6/2023 23:00,2.90 ,66.50 ,1615.70 ,24.30 ,0.90 ,2289.00 ,2148.00 ,2376.00 ,1949.00 
1/7/2023 0:00,2.30 ,65.30 ,1178.00 ,18.00 ,0.90 ,1791.00 ,1783.00 ,1700.00 ,1421.00 
1/7/2023 1:00,1.70 ,65.40 ,785.10 ,12.00 ,0.90 ,1297.00 ,1527.00 ,1242.00 ,947.00 
1/7/2023 2:00,2.00 ,64.10 ,899.50 ,14.00 ,0.90 ,1042.00 ,1580.00 ,969.00 ,1085.00 
1/7/2023 3:00,2.10 ,65.10 ,1007.20 ,15.50 ,0.90 ,1007.00 ,1692.00 ,911.00 ,1215.00 
1/7/2023 4:00,2.60 ,67.60 ,1393.60 ,20.60 ,0.90 ,1223.00 ,2059.00 ,1071.00 ,1681.00 
1/7/2023 5:00,3.50 ,64.80 ,1823.80 ,28.20 ,0.90 ,1765.00 ,2350.00 ,1675.00 ,2200.00 
1/7/2023 6:00,3.70 ,66.30 ,2042.70 ,30.80 ,0.90 ,3075.00 ,2562.00 ,2693.00 ,2464.00 
1/7/2023 7:00,5.30 ,66.60 ,2965.30 ,44.50 ,0.90 ,3567.00 ,3108.00 ,3538.00 ,3577.00 
1/7/2023 8:00,6.30 ,66.20 ,3679.10 ,55.60 ,0.90 ,4102.00 ,3534.00 ,3953.00 ,4438.00 
1/7/2023 9:00,7.80 ,62.10 ,4587.70 ,73.90 ,1.00 ,4987.00 ,4103.00 ,4461.00 ,5534.00 
1/7/2023 10:00,8.50 ,59.50 ,4859.60 ,81.70 ,1.00 ,5111.00 ,4290.00 ,4972.00 ,5862.00 
1/7/2023 11:00,8.90 ,59.50 ,5165.50 ,86.80 ,1.00 ,5255.00 ,4566.00 ,5169.00 ,6231.00 
1/7/2023 12:00,8.80 ,61.40 ,5294.80 ,86.30 ,1.00 ,5278.00 ,4679.00 ,5242.00 ,6387.00 
1/7/2023 13:00,8.10 ,62.30 ,4914.30 ,78.90 ,1.00 ,5612.00 ,4481.00 ,5204.00 ,5928.00 
1/7/2023 14:00,8.00 ,61.70 ,4799.10 ,77.80 ,1.00 ,5452.00 ,4464.00 ,5499.00 ,5789.00 
1/7/2023 15:00,9.10 ,60.90 ,5425.80 ,89.10 ,1.00 ,5544.00 ,4771.00 ,5170.00 ,6545.00 
1/7/2023 16:00,9.00 ,60.40 ,5289.90 ,87.60 ,1.00 ,5417.00 ,4632.00 ,5261.00 ,6381.00 
1/7/2023 17:00,12.60 ,51.80 ,5646.30 ,109.00 ,1.20 ,5526.00 ,4882.00 ,5243.00 ,6811.00 
1/7/2023 18:00,27.50 ,19.40 ,4632.50 ,238.70 ,3.10 ,5104.00 ,4148.00 ,4562.00 ,5588.00 
1/7/2023 19:00,6.90 ,58.50 ,4109.40 ,70.20 ,1.00 ,4575.00 ,3810.00 ,4117.00 ,4957.00 
1/7/2023 20:00,5.50 ,65.30 ,3403.10 ,52.10 ,0.90 ,3629.00 ,3358.00 ,3310.00 ,4105.00 
1/7/2023 21:00,4.60 ,66.00 ,2923.90 ,44.30 ,0.90 ,3242.00 ,3086.00 ,3104.00 ,3527.00 
1/7/2023 22:00,4.20 ,65.30 ,2650.30 ,40.60 ,0.90 ,3089.00 ,2809.00 ,3068.00 ,3197.00 
1/7/2023 23:00,3.30 ,64.80 ,2043.50 ,31.60 ,0.90 ,2521.00 ,2480.00 ,2502.00 ,2465.00 
1/8/2023 0:00,2.90 ,70.20 ,1805.60 ,25.70 ,0.90 ,1681.00 ,1904.00 ,1649.00 ,2178.00 
1/8/2023 1:00,2.60 ,69.50 ,1653.90 ,23.80 ,0.90 ,1177.00 ,1646.00 ,1171.00 ,1995.00 
1/8/2023 2:00,2.00 ,68.40 ,1163.90 ,17.00 ,0.90 ,981.00 ,1545.00 ,908.00 ,1404.00 
1/8/2023 3:00,1.60 ,69.40 ,906.90 ,13.10 ,0.90 ,824.00 ,1380.00 ,691.00 ,1094.00 
1/8/2023 4:00,1.50 ,69.50 ,889.50 ,12.80 ,0.90 ,826.00 ,1582.00 ,721.00 ,1073.00 
1/8/2023 5:00,1.50 ,70.50 ,929.30 ,13.20 ,0.90 ,1250.00 ,1759.00 ,1161.00 ,1121.00 
1/8/2023 6:00,2.00 ,69.90 ,1200.40 ,17.20 ,0.90 ,1613.00 ,1971.00 ,1560.00 ,1448.00 
1/8/2023 7:00,2.30 ,69.70 ,1391.10 ,20.00 ,0.90 ,2276.00 ,2343.00 ,2279.00 ,1678.00 
1/8/2023 8:00,3.60 ,68.10 ,1987.10 ,29.20 ,0.90 ,3046.00 ,2779.00 ,2990.00 ,2397.00 
1/8/2023 9:00,4.80 ,66.90 ,2980.30 ,44.60 ,0.90 ,3785.00 ,3373.00 ,3700.00 ,3595.00 
1/8/2023 10:00,6.50 ,63.50 ,4097.80 ,64.60 ,1.00 ,4603.00 ,3661.00 ,4319.00 ,4943.00 
1/8/2023 11:00,7.40 ,61.80 ,4464.20 ,72.20 ,1.00 ,5122.00 ,4185.00 ,4882.00 ,5385.00 
1/8/2023 12:00,8.10 ,60.70 ,4988.90 ,82.20 ,1.00 ,5353.00 ,4606.00 ,5089.00 ,6018.00 
1/8/2023 13:00,8.00 ,61.10 ,4951.60 ,81.10 ,1.00 ,5620.00 ,4763.00 ,5062.00 ,5973.00 
1/8/2023 14:00,8.20 ,60.20 ,4953.30 ,82.20 ,1.00 ,5413.00 ,4719.00 ,5092.00 ,5975.00 
1/8/2023 15:00,7.90 ,61.70 ,4869.60 ,78.90 ,1.00 ,5289.00 ,4528.00 ,4843.00 ,5874.00 
1/8/2023 16:00,7.80 ,59.70 ,4606.80 ,77.10 ,1.00 ,5228.00 ,4397.00 ,4889.00 ,5557.00 
1/8/2023 17:00,7.80 ,61.00 ,4582.70 ,75.10 ,1.00 ,4778.00 ,4343.00 ,4154.00 ,5528.00 
1/8/2023 18:00,7.30 ,63.80 ,4426.00 ,69.30 ,0.90 ,4087.00 ,3696.00 ,3969.00 ,5339.00 
1/8/2023 19:00,6.60 ,66.80 ,4155.00 ,62.20 ,0.90 ,3509.00 ,3604.00 ,3400.00 ,5012.00 
1/8/2023 20:00,5.90 ,69.50 ,3710.60 ,53.40 ,0.90 ,3005.00 ,3153.00 ,3079.00 ,4476.00 
1/8/2023 21:00,4.90 ,70.20 ,3134.50 ,44.70 ,0.90 ,2455.00 ,2608.00 ,2547.00 ,3781.00 
1/8/2023 22:00,3.70 ,71.00 ,2337.00 ,32.90 ,0.90 ,1849.00 ,2245.00 ,2060.00 ,2819.00 
1/8/2023 23:00,2.60 ,69.70 ,1600.80 ,23.00 ,0.90 ,1379.00 ,1807.00 ,1400.00 ,1931.00 
1/9/2023 0:00,1.60 ,64.90 ,800.80 ,12.30 ,0.90 ,996.00 ,1579.00 ,970.00 ,966.00 
1/9/2023 1:00,1.40 ,63.00 ,647.50 ,10.30 ,1.00 ,713.00 ,1416.00 ,653.00 ,781.00 
1/9/2023 2:00,1.80 ,61.60 ,755.20 ,12.30 ,1.00 ,691.00 ,1468.00 ,602.00 ,911.00 
1/9/2023 3:00,2.70 ,64.10 ,1365.40 ,21.30 ,0.90 ,993.00 ,2078.00 ,824.00 ,1647.00 
1/9/2023 4:00,5.90 ,61.60 ,3098.00 ,50.30 ,1.00 ,2000.00 ,3309.00 ,1483.00 ,3737.00 
1/9/2023 5:00,9.50 ,58.00 ,4697.90 ,81.00 ,1.00 ,3623.00 ,4250.00 ,2410.00 ,5667.00 
1/9/2023 6:00,12.80 ,49.30 ,5041.20 ,102.30 ,1.20 ,4505.00 ,4426.00 ,3324.00 ,6081.00 
1/9/2023 7:00,23.20 ,30.60 ,5311.40 ,173.30 ,2.00 ,5255.00 ,4719.00 ,3866.00 ,6407.00 
1/9/2023 8:00,26.10 ,23.40 ,5010.50 ,214.00 ,2.60 ,4965.00 ,4461.00 ,3785.00 ,6044.00 
1/9/2023 9:00,10.80 ,44.60 ,4304.20 ,96.50 ,1.30 ,4482.00 ,3946.00 ,3749.00 ,5192.00 
1/9/2023 10:00,9.40 ,51.70 ,4261.10 ,82.50 ,1.20 ,4576.00 ,3979.00 ,3822.00 ,5140.00 
1/9/2023 11:00,9.60 ,50.50 ,4281.80 ,84.80 ,1.20 ,4712.00 ,4125.00 ,4104.00 ,5165.00 
1/9/2023 12:00,9.50 ,49.60 ,4166.60 ,84.00 ,1.20 ,4824.00 ,4048.00 ,4363.00 ,5026.00 
1/9/2023 13:00,9.00 ,50.60 ,4096.10 ,81.00 ,1.20 ,5041.00 ,4056.00 ,4869.00 ,4941.00 
1/9/2023 14:00,12.20 ,45.50 ,4814.00 ,105.70 ,1.30 ,5342.00 ,4274.00 ,5390.00 ,5807.00 
1/9/2023 15:00,10.60 ,51.50 ,5052.80 ,98.20 ,1.20 ,5795.00 ,4379.00 ,5664.00 ,6095.00 
1/9/2023 16:00,9.30 ,56.50 ,4819.00 ,85.30 ,1.10 ,5638.00 ,4293.00 ,5792.00 ,5813.00 
1/9/2023 17:00,9.60 ,56.30 ,4873.70 ,86.60 ,1.10 ,5611.00 ,4461.00 ,5563.00 ,5879.00 
1/9/2023 18:00,7.50 ,56.90 ,3852.40 ,67.70 ,1.10 ,4625.00 ,3745.00 ,4454.00 ,4647.00 
1/9/2023 19:00,5.40 ,57.20 ,2701.70 ,47.20 ,1.10 ,3644.00 ,3017.00 ,3733.00 ,3259.00 
1/9/2023 20:00,4.30 ,57.70 ,2094.10 ,36.30 ,1.00 ,2726.00 ,2540.00 ,2782.00 ,2526.00 
1/9/2023 21:00,5.60 ,38.70 ,1661.30 ,42.90 ,1.60 ,2331.00 ,2236.00 ,2161.00 ,2004.00 
1/9/2023 22:00,3.90 ,47.70 ,1519.60 ,31.90 ,1.30 ,1816.00 ,2175.00 ,1995.00 ,1833.00 
1/9/2023 23:00,2.60 ,58.80 ,1075.20 ,18.30 ,1.00 ,1743.00 ,1720.00 ,1577.00 ,1297.00 
1/10/2023 0:00,2.50 ,52.60 ,770.10 ,14.60 ,1.10 ,1222.00 ,1533.00 ,1155.00 ,929.00 
1/10/2023 1:00,2.30 ,49.80 ,616.00 ,12.40 ,1.20 ,880.00 ,1399.00 ,789.00 ,743.00 
1/10/2023 2:00,2.10 ,57.60 ,723.70 ,12.60 ,1.00 ,894.00 ,1540.00 ,812.00 ,873.00 
1/10/2023 3:00,3.60 ,58.50 ,1436.70 ,24.60 ,1.00 ,1169.00 ,2173.00 ,813.00 ,1733.00 
1/10/2023 4:00,7.60 ,51.90 ,2802.00 ,54.00 ,1.20 ,1655.00 ,3153.00 ,1374.00 ,3380.00 
1/10/2023 5:00,10.70 ,53.00 ,4056.30 ,76.60 ,1.10 ,2771.00 ,3850.00 ,2123.00 ,4893.00 
1/10/2023 6:00,11.40 ,52.00 ,4731.90 ,91.10 ,1.20 ,3513.00 ,4187.00 ,2766.00 ,5708.00 
1/10/2023 7:00,16.10 ,40.60 ,5006.30 ,123.40 ,1.50 ,4376.00 ,4373.00 ,3376.00 ,6039.00 
1/10/2023 8:00,14.80 ,43.70 ,4833.10 ,110.50 ,1.40 ,4333.00 ,4179.00 ,3363.00 ,5830.00 
1/10/2023 9:00,12.10 ,40.40 ,4014.00 ,99.40 ,1.50 ,3748.00 ,3764.00 ,3169.00 ,4842.00 
1/10/2023 10:00,7.10 ,54.80 ,3092.20 ,56.40 ,1.10 ,3502.00 ,3346.00 ,3273.00 ,3730.00 
1/10/2023 11:00,7.60 ,44.70 ,2651.10 ,59.30 ,1.30 ,3380.00 ,3117.00 ,3122.00 ,3198.00 
1/10/2023 12:00,8.60 ,49.30 ,3415.50 ,69.30 ,1.20 ,3512.00 ,3477.00 ,3141.00 ,4120.00 
1/10/2023 13:00,8.20 ,54.40 ,3591.20 ,66.00 ,1.10 ,4026.00 ,3610.00 ,4116.00 ,4332.00 
1/10/2023 14:00,9.80 ,55.90 ,4487.40 ,80.30 ,1.10 ,5168.00 ,4053.00 ,5400.00 ,5413.00 
1/10/2023 15:00,9.80 ,59.60 ,4809.00 ,80.60 ,1.00 ,5286.00 ,4279.00 ,5637.00 ,5801.00 
1/10/2023 16:00,10.20 ,60.30 ,5016.30 ,83.20 ,1.00 ,5333.00 ,4366.00 ,5660.00 ,6051.00 
1/10/2023 17:00,9.60 ,60.30 ,4736.10 ,78.50 ,1.00 ,5306.00 ,4180.00 ,5870.00 ,5713.00 
1/10/2023 18:00,7.10 ,63.90 ,3685.70 ,57.70 ,0.90 ,4447.00 ,3642.00 ,4552.00 ,4446.00 
1/10/2023 19:00,5.20 ,65.30 ,2656.10 ,40.70 ,0.90 ,3507.00 ,2956.00 ,3615.00 ,3204.00 
1/10/2023 20:00,4.20 ,68.60 ,2259.90 ,33.00 ,0.90 ,2803.00 ,2621.00 ,2877.00 ,2726.00 
1/10/2023 21:00,3.40 ,68.10 ,1765.80 ,25.90 ,0.90 ,2564.00 ,2291.00 ,2631.00 ,2130.00 
1/10/2023 22:00,2.60 ,66.20 ,1309.00 ,19.80 ,0.90 ,2153.00 ,1904.00 ,2165.00 ,1579.00 
1/10/2023 23:00,2.20 ,65.20 ,1054.50 ,16.20 ,0.90 ,1721.00 ,1741.00 ,1496.00 ,1272.00 
1/11/2023 0:00,1.70 ,67.80 ,766.80 ,11.30 ,0.90 ,1276.00 ,1493.00 ,1182.00 ,925.00 
1/11/2023 1:00,1.60 ,66.20 ,646.60 ,9.80 ,0.90 ,844.00 ,1427.00 ,901.00 ,780.00 
1/11/2023 2:00,2.00 ,64.70 ,789.20 ,12.20 ,0.90 ,894.00 ,1687.00 ,816.00 ,952.00 
1/11/2023 3:00,2.80 ,69.10 ,1372.80 ,19.90 ,0.90 ,1145.00 ,2249.00 ,999.00 ,1656.00 
1/11/2023 4:00,5.20 ,73.30 ,2802.00 ,38.20 ,0.80 ,1864.00 ,3080.00 ,1556.00 ,3380.00 
1/11/2023 5:00,10.00 ,70.60 ,4891.90 ,69.30 ,0.90 ,3253.00 ,4323.00 ,2692.00 ,5901.00 
1/11/2023 6:00,11.90 ,58.00 ,5473.90 ,94.30 ,1.00 ,4387.00 ,4544.00 ,3561.00 ,6603.00 
1/11/2023 7:00,23.20 ,33.10 ,5256.70 ,158.90 ,1.80 ,4935.00 ,4515.00 ,3965.00 ,6341.00 
1/11/2023 8:00,27.60 ,22.60 ,4677.20 ,206.50 ,2.70 ,4715.00 ,4536.00 ,4087.00 ,5642.00 
1/11/2023 9:00,14.20 ,40.50 ,4482.40 ,110.70 ,1.50 ,4503.00 ,4458.00 ,4076.00 ,5407.00 
1/11/2023 10:00,8.90 ,58.00 ,3939.40 ,67.90 ,1.00 ,4406.00 ,4302.00 ,4184.00 ,4752.00 
1/11/2023 11:00,8.50 ,57.80 ,3789.40 ,65.60 ,1.00 ,4574.00 ,4275.00 ,4401.00 ,4571.00 
1/11/2023 12:00,8.50 ,58.80 ,3829.20 ,65.10 ,1.00 ,4638.00 ,4348.00 ,4775.00 ,4619.00 
1/11/2023 13:00,10.20 ,58.00 ,4493.20 ,77.40 ,1.00 ,5070.00 ,4401.00 ,5168.00 ,5420.00 
1/11/2023 14:00,11.00 ,57.80 ,5001.40 ,86.50 ,1.00 ,5302.00 ,4401.00 ,5536.00 ,6033.00 
1/11/2023 15:00,12.40 ,52.60 ,5301.50 ,100.80 ,1.10 ,5693.00 ,4546.00 ,5487.00 ,6395.00 
1/11/2023 16:00,15.50 ,48.40 ,5430.80 ,112.20 ,1.20 ,5495.00 ,4681.00 ,5696.00 ,6551.00 
1/11/2023 17:00,16.90 ,38.50 ,5170.50 ,134.30 ,1.60 ,5242.00 ,4526.00 ,5364.00 ,6237.00 
1/11/2023 18:00,8.50 ,63.70 ,4383.80 ,68.80 ,0.90 ,5014.00 ,4049.00 ,5535.00 ,5288.00 
1/11/2023 19:00,5.40 ,68.20 ,2942.10 ,43.10 ,0.90 ,4201.00 ,3190.00 ,4871.00 ,3549.00 
1/11/2023 20:00,4.60 ,69.10 ,2530.90 ,36.70 ,0.90 ,3367.00 ,2811.00 ,3797.00 ,3053.00 
1/11/2023 21:00,3.80 ,71.10 ,2051.80 ,28.90 ,0.80 ,2766.00 ,2710.00 ,3017.00 ,2475.00 
1/11/2023 22:00,3.40 ,67.40 ,1618.20 ,24.00 ,0.90 ,2344.00 ,2398.00 ,2568.00 ,1952.00 
1/11/2023 23:00,2.30 ,69.20 ,1074.40 ,15.50 ,0.90 ,1675.00 ,1852.00 ,1803.00 ,1296.00 
1/12/2023 0:00,2.10 ,68.10 ,900.30 ,13.20 ,0.90 ,1298.00 ,1646.00 ,1259.00 ,1086.00 
1/12/2023 1:00,2.10 ,66.80 ,747.80 ,11.20 ,0.90 ,1036.00 ,1484.00 ,927.00 ,902.00 
1/12/2023 2:00,2.20 ,66.20 ,831.50 ,12.60 ,0.90 ,991.00 ,1700.00 ,847.00 ,1003.00 
1/12/2023 3:00,3.40 ,67.50 ,1428.40 ,21.20 ,0.90 ,1274.00 ,2540.00 ,1007.00 ,1723.00 
1/12/2023 4:00,5.80 ,72.70 ,3087.20 ,42.50 ,0.80 ,1956.00 ,3329.00 ,1606.00 ,3724.00 
1/12/2023 5:00,16.00 ,52.10 ,5231.80 ,100.40 ,1.20 ,3625.00 ,4495.00 ,2758.00 ,6311.00 
1/12/2023 6:00,16.30 ,40.70 ,5208.60 ,127.90 ,1.50 ,4431.00 ,4513.00 ,3623.00 ,6283.00 
1/12/2023 7:00,22.10 ,35.30 ,5623.10 ,159.40 ,1.70 ,4884.00 ,4838.00 ,4070.00 ,6783.00 
1/12/2023 8:00,29.30 ,21.90 ,4650.70 ,212.30 ,2.70 ,4869.00 ,4331.00 ,4041.00 ,5610.00 
1/12/2023 9:00,17.60 ,31.70 ,4188.90 ,132.30 ,1.90 ,4612.00 ,4062.00 ,4170.00 ,5053.00 
1/12/2023 10:00,9.80 ,55.80 ,4238.70 ,75.90 ,1.10 ,4639.00 ,4092.00 ,4474.00 ,5113.00 
1/12/2023 11:00,9.80 ,56.60 ,4315.00 ,76.30 ,1.10 ,4620.00 ,4072.00 ,4603.00 ,5205.00 
1/12/2023 12:00,8.90 ,58.40 ,4069.60 ,69.70 ,1.00 ,4896.00 ,4130.00 ,4879.00 ,4909.00 
1/12/2023 13:00,9.10 ,59.30 ,4210.50 ,71.00 ,1.00 ,5116.00 ,4147.00 ,5444.00 ,5079.00 
1/12/2023 14:00,10.90 ,58.90 ,5089.20 ,86.40 ,1.00 ,5361.00 ,4330.00 ,5876.00 ,6139.00 
1/12/2023 15:00,11.70 ,58.90 ,5495.40 ,93.30 ,1.00 ,5952.00 ,4645.00 ,5900.00 ,6629.00 
1/12/2023 16:00,16.90 ,47.40 ,5467.30 ,115.40 ,1.30 ,5755.00 ,4654.00 ,5998.00 ,6595.00 
1/12/2023 17:00,18.60 ,35.70 ,5197.80 ,145.60 ,1.70 ,5106.00 ,4531.00 ,5546.00 ,6270.00 
1/12/2023 18:00,8.90 ,64.30 ,4577.70 ,71.20 ,0.90 ,5026.00 ,4079.00 ,5484.00 ,5522.00 
1/12/2023 19:00,5.80 ,71.60 ,3232.30 ,45.20 ,0.80 ,4615.00 ,3300.00 ,4724.00 ,3899.00 
1/12/2023 20:00,4.80 ,70.20 ,2627.90 ,37.50 ,0.90 ,3893.00 ,2936.00 ,4228.00 ,3170.00 
1/12/2023 21:00,4.10 ,68.50 ,2151.30 ,31.40 ,0.90 ,2904.00 ,2903.00 ,3050.00 ,2595.00 
1/12/2023 22:00,3.20 ,66.30 ,1578.40 ,23.80 ,0.90 ,2491.00 ,2558.00 ,2704.00 ,1904.00 
1/12/2023 23:00,2.80 ,64.30 ,1207.90 ,18.80 ,0.90 ,1835.00 ,2442.00 ,1838.00 ,1457.00 
1/13/2023 0:00,2.10 ,64.60 ,856.40 ,13.30 ,0.90 ,1409.00 ,1891.00 ,1425.00 ,1033.00 
1/13/2023 1:00,1.70 ,66.70 ,701.30 ,10.50 ,0.90 ,987.00 ,1679.00 ,967.00 ,846.00 
1/13/2023 2:00,2.00 ,66.90 ,767.70 ,11.50 ,0.90 ,1053.00 ,1826.00 ,941.00 ,926.00 
1/13/2023 3:00,2.80 ,70.50 ,1327.20 ,18.80 ,0.90 ,1269.00 ,2250.00 ,989.00 ,1601.00 
1/13/2023 4:00,6.30 ,67.30 ,3038.30 ,45.10 ,0.90 ,1964.00 ,3163.00 ,1493.00 ,3665.00 
1/13/2023 5:00,11.00 ,64.80 ,5101.70 ,78.70 ,0.90 ,3324.00 ,4426.00 ,2660.00 ,6154.00 
1/13/2023 6:00,12.00 ,52.00 ,5150.60 ,99.00 ,1.20 ,4406.00 ,4406.00 ,3741.00 ,6213.00 
1/13/2023 7:00,20.10 ,35.60 ,5502.10 ,154.70 ,1.70 ,5016.00 ,4800.00 ,4676.00 ,6637.00 
1/13/2023 8:00,31.30 ,18.60 ,4565.30 ,245.70 ,3.20 ,4731.00 ,4318.00 ,4377.00 ,5507.00 
1/13/2023 9:00,14.90 ,33.20 ,4192.30 ,126.20 ,1.80 ,4668.00 ,3987.00 ,4775.00 ,5057.00 
1/13/2023 10:00,9.50 ,54.80 ,4399.50 ,80.20 ,1.10 ,4866.00 ,4159.00 ,4740.00 ,5307.00 
1/13/2023 11:00,9.60 ,53.50 ,4338.20 ,81.10 ,1.10 ,4999.00 ,4262.00 ,5300.00 ,5233.00 
1/13/2023 12:00,9.20 ,54.40 ,4278.50 ,78.60 ,1.10 ,5406.00 ,4237.00 ,5680.00 ,5161.00 
1/13/2023 13:00,9.80 ,54.60 ,4541.30 ,83.20 ,1.10 ,5604.00 ,4214.00 ,5754.00 ,5478.00 
1/13/2023 14:00,15.50 ,44.70 ,5058.60 ,113.10 ,1.30 ,5895.00 ,4500.00 ,5861.00 ,6102.00 
1/13/2023 15:00,16.70 ,36.70 ,5513.70 ,150.20 ,1.60 ,5441.00 ,4633.00 ,5559.00 ,6651.00 
1/13/2023 16:00,13.30 ,52.30 ,5765.70 ,110.30 ,1.20 ,5293.00 ,4865.00 ,5404.00 ,6955.00 
1/13/2023 17:00,28.90 ,22.10 ,4852.10 ,219.90 ,2.70 ,5151.00 ,4460.00 ,5293.00 ,5853.00 
1/13/2023 18:00,12.20 ,41.40 ,4671.40 ,112.90 ,1.50 ,5222.00 ,4198.00 ,5222.00 ,5635.00 
1/13/2023 19:00,6.90 ,66.00 ,3962.60 ,60.10 ,0.90 ,4916.00 ,3634.00 ,5181.00 ,4780.00 
1/13/2023 20:00,6.00 ,65.80 ,3405.50 ,51.80 ,0.90 ,4682.00 ,3362.00 ,4540.00 ,4108.00 
1/13/2023 21:00,5.10 ,65.90 ,2952.10 ,44.80 ,0.90 ,4207.00 ,3090.00 ,4613.00 ,3561.00 
1/13/2023 22:00,4.00 ,67.10 ,2350.20 ,35.00 ,0.90 ,3187.00 ,2650.00 ,3575.00 ,2835.00 
1/13/2023 23:00,3.40 ,65.20 ,1725.20 ,26.50 ,0.90 ,2462.00 ,2543.00 ,2525.00 ,2081.00 
1/14/2023 0:00,2.30 ,67.20 ,1231.10 ,18.30 ,0.90 ,1756.00 ,2104.00 ,1871.00 ,1485.00 
1/14/2023 1:00,2.10 ,64.70 ,978.20 ,15.10 ,0.90 ,1405.00 ,1898.00 ,1361.00 ,1180.00 
1/14/2023 2:00,2.10 ,62.50 ,889.50 ,14.20 ,1.00 ,1125.00 ,1889.00 ,1106.00 ,1073.00 
1/14/2023 3:00,2.10 ,66.60 ,962.50 ,14.50 ,0.90 ,1183.00 ,1979.00 ,945.00 ,1161.00 
1/14/2023 4:00,2.80 ,66.40 ,1373.70 ,20.70 ,0.90 ,1211.00 ,2438.00 ,1100.00 ,1657.00 
1/14/2023 5:00,3.20 ,64.80 ,1553.60 ,24.00 ,0.90 ,1769.00 ,2600.00 ,1676.00 ,1874.00 
1/14/2023 6:00,3.10 ,68.20 ,1743.40 ,25.60 ,0.90 ,2464.00 ,2209.00 ,2216.00 ,2103.00 
1/14/2023 7:00,5.70 ,64.80 ,3136.10 ,48.40 ,0.90 ,3356.00 ,3166.00 ,3336.00 ,3783.00 
1/14/2023 8:00,6.80 ,65.50 ,3888.80 ,59.40 ,0.90 ,3807.00 ,3647.00 ,3844.00 ,4691.00 
1/14/2023 9:00,8.00 ,60.90 ,4605.90 ,75.60 ,1.00 ,4628.00 ,4192.00 ,4026.00 ,5556.00 
1/14/2023 10:00,8.70 ,57.90 ,4878.70 ,84.30 ,1.00 ,4897.00 ,4405.00 ,4903.00 ,5885.00 
1/14/2023 11:00,9.70 ,50.80 ,4708.70 ,92.60 ,1.20 ,4493.00 ,4355.00 ,4509.00 ,5680.00 
1/14/2023 12:00,10.60 ,41.70 ,4196.40 ,100.70 ,1.40 ,4454.00 ,3949.00 ,3902.00 ,5062.00 
1/14/2023 13:00,11.40 ,37.30 ,4111.00 ,110.30 ,1.60 ,4363.00 ,3945.00 ,3885.00 ,4959.00 
1/14/2023 14:00,9.90 ,39.10 ,3737.10 ,95.60 ,1.50 ,4274.00 ,3655.00 ,4089.00 ,4508.00 
1/14/2023 15:00,9.90 ,38.90 ,3728.00 ,95.90 ,1.50 ,4404.00 ,3712.00 ,4392.00 ,4497.00 
1/14/2023 16:00,8.80 ,43.30 ,3650.90 ,84.40 ,1.40 ,4686.00 ,3484.00 ,4437.00 ,4404.00 
1/14/2023 17:00,9.60 ,42.40 ,3902.10 ,92.10 ,1.40 ,4061.00 ,3810.00 ,4007.00 ,4707.00 
1/14/2023 18:00,8.40 ,41.10 ,3273.70 ,79.60 ,1.50 ,3604.00 ,3358.00 ,3481.00 ,3949.00 
1/14/2023 19:00,7.10 ,38.90 ,2569.10 ,66.10 ,1.50 ,3040.00 ,2961.00 ,2959.00 ,3099.00 
1/14/2023 20:00,6.10 ,39.80 ,2196.00 ,55.20 ,1.50 ,2699.00 ,2723.00 ,2720.00 ,2649.00 
1/14/2023 21:00,5.40 ,45.50 ,2307.10 ,50.70 ,1.30 ,2697.00 ,2678.00 ,2679.00 ,2783.00 
1/14/2023 22:00,3.90 ,54.30 ,1947.30 ,35.90 ,1.10 ,2373.00 ,2389.00 ,2280.00 ,2349.00 
1/14/2023 23:00,2.60 ,63.00 ,1536.10 ,24.40 ,1.00 ,2001.00 ,2079.00 ,1678.00 ,1853.00 
1/15/2023 0:00,2.00 ,67.00 ,1121.60 ,16.80 ,0.90 ,1414.00 ,1772.00 ,1301.00 ,1353.00 
1/15/2023 1:00,1.50 ,66.90 ,853.90 ,12.80 ,0.90 ,1029.00 ,1584.00 ,837.00 ,1030.00 
1/15/2023 2:00,1.60 ,63.20 ,761.00 ,12.00 ,1.00 ,858.00 ,1496.00 ,765.00 ,918.00 
1/15/2023 3:00,1.90 ,55.70 ,756.90 ,13.60 ,1.10 ,784.00 ,1483.00 ,570.00 ,913.00 
1/15/2023 4:00,1.70 ,63.00 ,844.80 ,13.40 ,1.00 ,837.00 ,1589.00 ,601.00 ,1019.00 
1/15/2023 5:00,2.10 ,63.90 ,1161.40 ,18.20 ,0.90 ,1091.00 ,1830.00 ,1054.00 ,1401.00 
1/15/2023 6:00,2.60 ,65.40 ,1510.40 ,23.10 ,0.90 ,1587.00 ,2005.00 ,1448.00 ,1822.00 
1/15/2023 7:00,3.10 ,63.50 ,1808.10 ,28.50 ,1.00 ,2212.00 ,2298.00 ,2032.00 ,2181.00 
1/15/2023 8:00,4.50 ,61.20 ,2619.60 ,42.80 ,1.00 ,2887.00 ,2770.00 ,2067.00 ,3160.00 
1/15/2023 9:00,5.80 ,61.70 ,3538.20 ,57.30 ,1.00 ,3585.00 ,3307.00 ,3398.00 ,4268.00 
1/15/2023 10:00,6.90 ,59.70 ,4109.40 ,68.90 ,1.00 ,4307.00 ,3693.00 ,4180.00 ,4957.00 
1/15/2023 11:00,7.00 ,58.10 ,4207.20 ,72.50 ,1.00 ,5236.00 ,3852.00 ,4928.00 ,5075.00 
1/15/2023 12:00,6.20 ,57.90 ,3720.60 ,64.20 ,1.00 ,5282.00 ,3826.00 ,5166.00 ,4488.00 
1/15/2023 13:00,8.20 ,57.10 ,4871.20 ,85.40 ,1.10 ,5088.00 ,4368.00 ,5062.00 ,5876.00 
1/15/2023 14:00,7.60 ,60.20 ,4731.90 ,78.60 ,1.00 ,4615.00 ,4176.00 ,4744.00 ,5708.00 
1/15/2023 15:00,10.10 ,45.20 ,4335.70 ,95.90 ,1.30 ,4721.00 ,3977.00 ,4731.00 ,5230.00 
1/15/2023 16:00,7.60 ,53.00 ,4213.80 ,79.50 ,1.10 ,4560.00 ,4005.00 ,4496.00 ,5083.00 
1/15/2023 17:00,7.30 ,52.70 ,3893.00 ,73.90 ,1.10 ,4163.00 ,3888.00 ,4173.00 ,4696.00 
1/15/2023 18:00,7.00 ,50.60 ,3610.30 ,71.40 ,1.20 ,3676.00 ,3612.00 ,3382.00 ,4355.00 
1/15/2023 19:00,5.60 ,50.00 ,2750.60 ,55.00 ,1.20 ,2947.00 ,3082.00 ,2892.00 ,3318.00 
1/15/2023 20:00,5.10 ,42.70 ,2031.10 ,47.50 ,1.40 ,2512.00 ,2587.00 ,2498.00 ,2450.00 
1/15/2023 21:00,4.20 ,55.60 ,2130.50 ,38.30 ,1.10 ,2393.00 ,2557.00 ,2387.00 ,2570.00 
1/15/2023 22:00,3.90 ,54.80 ,1845.40 ,33.70 ,1.10 ,1866.00 ,2284.00 ,1747.00 ,2226.00 
1/15/2023 23:00,2.90 ,54.00 ,1317.30 ,24.40 ,1.10 ,1350.00 ,1971.00 ,1249.00 ,1589.00 
1/16/2023 0:00,2.20 ,55.30 ,787.60 ,14.30 ,1.10 ,944.00 ,1588.00 ,806.00 ,950.00 
1/16/2023 1:00,2.10 ,48.30 ,673.20 ,13.90 ,1.20 ,693.00 ,1461.00 ,629.00 ,812.00 
1/16/2023 2:00,2.30 ,51.10 ,694.70 ,13.60 ,1.20 ,685.00 ,1516.00 ,564.00 ,838.00 
1/16/2023 3:00,3.40 ,49.40 ,1214.50 ,24.60 ,1.20 ,964.00 ,1949.00 ,735.00 ,1465.00 
1/16/2023 4:00,5.70 ,50.70 ,2433.10 ,47.90 ,1.20 ,1381.00 ,2793.00 ,1000.00 ,2935.00 
1/16/2023 5:00,9.00 ,50.00 ,3810.10 ,76.20 ,1.20 ,2384.00 ,3515.00 ,1772.00 ,4596.00 
1/16/2023 6:00,8.50 ,49.50 ,3532.40 ,71.30 ,1.20 ,3058.00 ,3454.00 ,2326.00 ,4261.00 
1/16/2023 7:00,10.70 ,44.40 ,3941.90 ,88.90 ,1.40 ,3507.00 ,3680.00 ,2531.00 ,4755.00 
1/16/2023 8:00,10.20 ,48.90 ,4247.00 ,86.80 ,1.20 ,3742.00 ,3825.00 ,3127.00 ,5123.00 
1/16/2023 9:00,10.70 ,47.40 ,4379.60 ,92.40 ,1.30 ,4082.00 ,3855.00 ,3533.00 ,5283.00 
1/16/2023 10:00,11.60 ,47.70 ,5027.90 ,105.40 ,1.30 ,4493.00 ,4267.00 ,4105.00 ,6065.00 
1/16/2023 11:00,9.60 ,49.80 ,4314.10 ,86.70 ,1.20 ,4914.00 ,4058.00 ,4445.00 ,5204.00 
1/16/2023 12:00,10.40 ,51.20 ,4805.70 ,93.90 ,1.20 ,5048.00 ,4354.00 ,4960.00 ,5797.00 
1/16/2023 13:00,12.50 ,47.60 ,5067.70 ,106.40 ,1.30 ,5109.00 ,4544.00 ,5322.00 ,6113.00 
1/16/2023 14:00,15.40 ,42.10 ,5292.30 ,125.70 ,1.40 ,5472.00 ,4536.00 ,5609.00 ,6384.00 
1/16/2023 15:00,17.50 ,33.30 ,5342.10 ,160.30 ,1.80 ,5203.00 ,4450.00 ,4413.00 ,6444.00 
1/16/2023 16:00,11.10 ,53.50 ,5470.60 ,102.30 ,1.10 ,5241.00 ,4424.00 ,4952.00 ,6599.00 
1/16/2023 17:00,9.50 ,56.40 ,4927.60 ,87.40 ,1.10 ,5212.00 ,4212.00 ,5341.00 ,5944.00 
1/16/2023 18:00,8.20 ,58.00 ,4352.30 ,75.10 ,1.00 ,4190.00 ,3822.00 ,4385.00 ,5250.00 
1/16/2023 19:00,6.00 ,61.90 ,3232.30 ,52.20 ,1.00 ,3339.00 ,3259.00 ,3565.00 ,3899.00 
1/16/2023 20:00,5.30 ,62.20 ,2851.80 ,45.80 ,1.00 ,2848.00 ,2955.00 ,3024.00 ,3440.00 
1/16/2023 21:00,4.10 ,63.20 ,2207.60 ,34.90 ,1.00 ,2485.00 ,2559.00 ,2458.00 ,2663.00 
1/16/2023 22:00,3.10 ,63.40 ,1618.20 ,25.50 ,1.00 ,2023.00 ,2121.00 ,2009.00 ,1952.00 
1/16/2023 23:00,2.30 ,63.90 ,1113.40 ,17.40 ,0.90 ,1412.00 ,1765.00 ,1505.00 ,1343.00 
1/17/2023 0:00,1.60 ,68.40 ,789.20 ,11.50 ,0.90 ,956.00 ,1519.00 ,1058.00 ,952.00 
1/17/2023 1:00,1.70 ,66.50 ,725.40 ,10.90 ,0.90 ,775.00 ,1525.00 ,860.00 ,875.00 
1/17/2023 2:00,1.80 ,65.50 ,717.10 ,11.00 ,0.90 ,831.00 ,1511.00 ,743.00 ,865.00 
1/17/2023 3:00,3.10 ,67.00 ,1439.10 ,21.50 ,0.90 ,1168.00 ,2089.00 ,925.00 ,1736.00 
1/17/2023 4:00,5.40 ,69.20 ,2664.40 ,38.50 ,0.90 ,2029.00 ,2855.00 ,1574.00 ,3214.00 
1/17/2023 5:00,11.30 ,66.90 ,5342.10 ,79.90 ,0.90 ,3782.00 ,4492.00 ,2629.00 ,6444.00 
1/17/2023 6:00,23.00 ,34.30 ,5498.80 ,160.40 ,1.80 ,5051.00 ,4646.00 ,3564.00 ,6633.00 
1/17/2023 7:00,30.00 ,22.70 ,5100.00 ,224.80 ,2.70 ,5341.00 ,4542.00 ,4146.00 ,6152.00 
1/17/2023 8:00,29.90 ,21.60 ,4787.50 ,221.40 ,2.80 ,5322.00 ,4349.00 ,3997.00 ,5775.00 
1/17/2023 9:00,19.60 ,28.10 ,4276.80 ,151.90 ,2.10 ,4945.00 ,4128.00 ,4260.00 ,5159.00 
1/17/2023 10:00,10.00 ,59.80 ,4564.50 ,76.30 ,1.00 ,5069.00 ,4156.00 ,4218.00 ,5506.00 
1/17/2023 11:00,8.70 ,59.80 ,4027.30 ,67.30 ,1.00 ,4787.00 ,4038.00 ,4292.00 ,4858.00 
1/17/2023 12:00,9.50 ,58.40 ,4281.80 ,73.30 ,1.00 ,5084.00 ,4130.00 ,4653.00 ,5165.00 
1/17/2023 13:00,9.10 ,60.60 ,4276.80 ,70.50 ,1.00 ,5375.00 ,4101.00 ,5074.00 ,5159.00 
1/17/2023 14:00,10.50 ,59.90 ,4920.10 ,82.20 ,1.00 ,5717.00 ,4441.00 ,5692.00 ,5935.00 
1/17/2023 15:00,18.90 ,41.00 ,5477.20 ,133.40 ,1.50 ,6083.00 ,4635.00 ,5572.00 ,6607.00 
1/17/2023 16:00,14.80 ,50.20 ,5471.40 ,109.00 ,1.20 ,5736.00 ,4595.00 ,4226.00 ,6600.00 
1/17/2023 17:00,21.00 ,30.90 ,4678.90 ,151.40 ,1.90 ,5384.00 ,4266.00 ,5211.00 ,5644.00 
1/17/2023 18:00,8.80 ,64.70 ,4538.00 ,70.10 ,0.90 ,5421.00 ,4061.00 ,5436.00 ,5474.00 
1/17/2023 19:00,5.20 ,71.20 ,2841.80 ,39.90 ,0.80 ,4522.00 ,3145.00 ,4568.00 ,3428.00 
1/17/2023 20:00,4.60 ,68.40 ,2423.20 ,35.40 ,0.90 ,3598.00 ,2776.00 ,3732.00 ,2923.00 
1/17/2023 21:00,3.70 ,71.10 ,1942.40 ,27.30 ,0.80 ,2876.00 ,2765.00 ,2934.00 ,2343.00 
1/17/2023 22:00,2.80 ,71.80 ,1389.40 ,19.40 ,0.80 ,2189.00 ,2698.00 ,2375.00 ,1676.00 
1/17/2023 23:00,2.20 ,70.80 ,1013.00 ,14.30 ,0.90 ,1585.00 ,2133.00 ,1610.00 ,1222.00 
1/18/2023 0:00,1.80 ,70.40 ,752.70 ,10.70 ,0.90 ,1305.00 ,1840.00 ,1222.00 ,908.00 
1/18/2023 1:00,1.70 ,64.70 ,648.30 ,10.00 ,0.90 ,864.00 ,1776.00 ,891.00 ,782.00 
1/18/2023 2:00,2.00 ,63.10 ,756.90 ,12.00 ,1.00 ,922.00 ,1865.00 ,863.00 ,913.00 
1/18/2023 3:00,3.00 ,69.60 ,1347.10 ,19.40 ,0.90 ,1107.00 ,2423.00 ,960.00 ,1625.00 
1/18/2023 4:00,5.80 ,71.60 ,2989.40 ,41.80 ,0.80 ,1941.00 ,3218.00 ,1566.00 ,3606.00 
1/18/2023 5:00,11.00 ,69.90 ,5154.70 ,73.70 ,0.90 ,3464.00 ,4537.00 ,2819.00 ,6218.00 
1/18/2023 6:00,13.80 ,53.90 ,5836.20 ,108.30 ,1.10 ,4393.00 ,4777.00 ,3768.00 ,7040.00 
1/18/2023 7:00,24.00 ,32.00 ,5567.60 ,174.10 ,1.90 ,4948.00 ,4762.00 ,4149.00 ,6716.00 
1/18/2023 8:00,26.70 ,24.50 ,4872.90 ,198.80 ,2.50 ,4829.00 ,4604.00 ,4084.00 ,5878.00 
1/18/2023 9:00,19.20 ,29.90 ,4371.30 ,146.20 ,2.00 ,4477.00 ,4163.00 ,4068.00 ,5273.00 
1/18/2023 10:00,9.60 ,58.70 ,4242.80 ,72.30 ,1.00 ,4241.00 ,4055.00 ,4043.00 ,5118.00 
1/18/2023 11:00,9.60 ,57.80 ,4233.70 ,73.20 ,1.00 ,4425.00 ,4170.00 ,4199.00 ,5107.00 
1/18/2023 12:00,8.40 ,60.70 ,3844.10 ,63.30 ,1.00 ,4412.00 ,3991.00 ,4544.00 ,4637.00 
1/18/2023 13:00,9.60 ,60.70 ,4461.70 ,73.50 ,1.00 ,4876.00 ,4257.00 ,5177.00 ,5382.00 
1/18/2023 14:00,11.20 ,58.90 ,5207.80 ,88.40 ,1.00 ,5377.00 ,4592.00 ,5842.00 ,6282.00 
1/18/2023 15:00,12.80 ,56.00 ,5548.50 ,99.20 ,1.10 ,5588.00 ,4685.00 ,5693.00 ,6693.00 
1/18/2023 16:00,12.40 ,55.00 ,5411.70 ,98.40 ,1.10 ,5526.00 ,4608.00 ,5608.00 ,6528.00 
1/18/2023 17:00,33.40 ,18.40 ,3804.30 ,207.30 ,3.30 ,5130.00 ,3860.00 ,5472.00 ,4589.00 
1/18/2023 18:00,12.50 ,43.60 ,4846.30 ,111.20 ,1.40 ,5127.00 ,4065.00 ,5452.00 ,5846.00 
1/18/2023 19:00,5.40 ,69.80 ,3030.80 ,43.40 ,0.90 ,4119.00 ,3178.00 ,4586.00 ,3656.00 
1/18/2023 20:00,4.70 ,69.00 ,2536.70 ,36.80 ,0.90 ,3651.00 ,2855.00 ,3968.00 ,3060.00 
1/18/2023 21:00,3.60 ,68.40 ,1940.70 ,28.40 ,0.90 ,2822.00 ,2439.00 ,3063.00 ,2341.00 
1/18/2023 22:00,3.20 ,64.90 ,1626.50 ,25.10 ,0.90 ,2464.00 ,2140.00 ,2525.00 ,1962.00 
1/18/2023 23:00,2.20 ,63.70 ,989.00 ,15.50 ,0.90 ,1844.00 ,1753.00 ,1908.00 ,1193.00 
1/19/2023 0:00,1.70 ,65.00 ,752.70 ,11.60 ,0.90 ,1206.00 ,1545.00 ,1213.00 ,908.00 
1/19/2023 1:00,1.60 ,63.00 ,630.00 ,10.00 ,1.00 ,915.00 ,1457.00 ,877.00 ,760.00 
1/19/2023 2:00,2.00 ,61.70 ,740.30 ,12.00 ,1.00 ,1032.00 ,1563.00 ,905.00 ,893.00 
1/19/2023 3:00,3.00 ,63.80 ,1372.80 ,21.50 ,0.90 ,1152.00 ,2085.00 ,1044.00 ,1656.00 
1/19/2023 4:00,6.20 ,68.60 ,3100.50 ,45.20 ,0.90 ,1866.00 ,3246.00 ,1592.00 ,3740.00 
1/19/2023 5:00,12.60 ,65.90 ,5685.30 ,86.30 ,0.90 ,3427.00 ,4640.00 ,2763.00 ,6858.00 
1/19/2023 6:00,13.10 ,55.50 ,5729.20 ,103.20 ,1.10 ,4357.00 ,4739.00 ,3499.00 ,6911.00 
1/19/2023 7:00,24.50 ,31.20 ,5521.10 ,177.10 ,1.90 ,5012.00 ,4738.00 ,4252.00 ,6660.00 
1/19/2023 8:00,28.90 ,22.00 ,4728.60 ,215.40 ,2.70 ,4898.00 ,4513.00 ,4233.00 ,5704.00 
1/19/2023 9:00,15.60 ,35.40 ,4358.90 ,123.10 ,1.70 ,4562.00 ,4159.00 ,4262.00 ,5258.00 
1/19/2023 10:00,10.70 ,55.50 ,4611.70 ,83.10 ,1.10 ,4566.00 ,4219.00 ,4343.00 ,5563.00 
1/19/2023 11:00,9.50 ,56.20 ,4193.10 ,74.70 ,1.10 ,4738.00 ,4220.00 ,4768.00 ,5058.00 
1/19/2023 12:00,9.00 ,58.50 ,4159.10 ,71.10 ,1.00 ,4884.00 ,4135.00 ,5032.00 ,5017.00 
1/19/2023 13:00,9.60 ,60.90 ,4668.10 ,76.70 ,1.00 ,5003.00 ,4257.00 ,5441.00 ,5631.00 
1/19/2023 14:00,10.50 ,60.00 ,5046.10 ,84.20 ,1.00 ,5495.00 ,4440.00 ,6183.00 ,6087.00 
1/19/2023 15:00,10.90 ,61.90 ,5447.40 ,88.10 ,1.00 ,5866.00 ,4636.00 ,5804.00 ,6571.00 
1/19/2023 16:00,11.20 ,60.60 ,5494.60 ,90.70 ,1.00 ,5427.00 ,4755.00 ,5689.00 ,6628.00 
1/19/2023 17:00,10.10 ,62.40 ,5139.80 ,82.40 ,1.00 ,5219.00 ,4591.00 ,5640.00 ,6200.00 
1/19/2023 18:00,7.80 ,66.60 ,4193.90 ,62.90 ,0.90 ,4874.00 ,3961.00 ,5379.00 ,5059.00 
1/19/2023 19:00,5.70 ,69.20 ,3156.80 ,45.60 ,0.90 ,4283.00 ,3549.00 ,4376.00 ,3808.00 
1/19/2023 20:00,4.90 ,71.40 ,2731.60 ,38.20 ,0.80 ,3453.00 ,2864.00 ,3884.00 ,3295.00 
1/19/2023 21:00,4.50 ,66.90 ,2400.80 ,35.90 ,0.90 ,3041.00 ,2748.00 ,3359.00 ,2896.00 
1/19/2023 22:00,3.60 ,62.60 ,1802.30 ,28.80 ,1.00 ,2323.00 ,2357.00 ,2538.00 ,2174.00 
1/19/2023 23:00,2.70 ,60.40 ,1182.20 ,19.60 ,1.00 ,1737.00 ,2048.00 ,1889.00 ,1426.00 
1/20/2023 0:00,2.50 ,60.00 ,808.30 ,13.50 ,1.00 ,1331.00 ,1682.00 ,1318.00 ,975.00 
1/20/2023 1:00,1.90 ,61.60 ,734.50 ,11.90 ,1.00 ,1017.00 ,1701.00 ,905.00 ,886.00 
1/20/2023 2:00,2.30 ,61.40 ,848.10 ,13.80 ,1.00 ,946.00 ,1778.00 ,898.00 ,1023.00 
1/20/2023 3:00,3.20 ,65.50 ,1432.50 ,21.90 ,0.90 ,1152.00 ,2166.00 ,1027.00 ,1728.00 
1/20/2023 4:00,6.00 ,70.20 ,2986.10 ,42.50 ,0.90 ,1896.00 ,3131.00 ,1502.00 ,3602.00 
1/20/2023 5:00,12.10 ,66.60 ,5440.70 ,81.60 ,0.90 ,3332.00 ,4523.00 ,2553.00 ,6563.00 
1/20/2023 6:00,12.40 ,52.00 ,5352.90 ,102.90 ,1.20 ,4475.00 ,4521.00 ,3715.00 ,6457.00 
1/20/2023 7:00,23.00 ,30.60 ,5302.30 ,173.30 ,2.00 ,4924.00 ,4679.00 ,4374.00 ,6396.00 
1/20/2023 8:00,27.90 ,20.90 ,4648.20 ,222.80 ,2.90 ,4931.00 ,4604.00 ,4619.00 ,5607.00 
1/20/2023 9:00,13.50 ,40.20 ,4382.90 ,109.00 ,1.50 ,4643.00 ,4160.00 ,4673.00 ,5287.00 
1/20/2023 10:00,11.70 ,44.40 ,4135.90 ,93.10 ,1.40 ,4887.00 ,3951.00 ,4679.00 ,4989.00 
1/20/2023 11:00,7.40 ,58.90 ,3494.20 ,59.40 ,1.00 ,5112.00 ,3454.00 ,5027.00 ,4215.00 
1/20/2023 12:00,11.10 ,50.30 ,4451.70 ,88.40 ,1.20 ,5004.00 ,4381.00 ,5112.00 ,5370.00 
1/20/2023 13:00,9.40 ,57.20 ,4465.00 ,78.10 ,1.10 ,5415.00 ,4360.00 ,5689.00 ,5386.00 
1/20/2023 14:00,14.30 ,49.60 ,4930.10 ,99.50 ,1.20 ,5658.00 ,4438.00 ,5697.00 ,5947.00 
1/20/2023 15:00,26.00 ,24.60 ,5076.80 ,206.10 ,2.40 ,5261.00 ,4587.00 ,5238.00 ,6124.00 
1/20/2023 16:00,15.10 ,41.30 ,5385.20 ,130.30 ,1.50 ,5216.00 ,4708.00 ,5189.00 ,6496.00 
1/20/2023 17:00,22.70 ,29.70 ,5274.90 ,177.70 ,2.00 ,5318.00 ,4553.00 ,5473.00 ,6363.00 
1/20/2023 18:00,19.40 ,30.40 ,4940.80 ,162.80 ,2.00 ,5281.00 ,4372.00 ,5380.00 ,5960.00 
1/20/2023 19:00,7.30 ,65.30 ,4071.20 ,62.40 ,0.90 ,4928.00 ,3860.00 ,5320.00 ,4911.00 
1/20/2023 20:00,5.90 ,67.00 ,3287.80 ,49.10 ,0.90 ,4361.00 ,3305.00 ,4902.00 ,3966.00 
1/20/2023 21:00,4.80 ,66.50 ,2705.90 ,40.70 ,0.90 ,3746.00 ,2962.00 ,4260.00 ,3264.00 
1/20/2023 22:00,2.90 ,67.90 ,1606.60 ,23.70 ,0.90 ,3248.00 ,2381.00 ,3020.00 ,1938.00 
1/20/2023 23:00,1.90 ,68.70 ,1073.60 ,15.60 ,0.90 ,2346.00 ,1889.00 ,2347.00 ,1295.00 
1/21/2023 0:00,1.60 ,68.00 ,814.10 ,12.00 ,0.90 ,1813.00 ,1648.00 ,1778.00 ,982.00 
1/21/2023 1:00,1.20 ,69.30 ,619.30 ,8.90 ,0.90 ,1404.00 ,1417.00 ,1243.00 ,747.00 
1/21/2023 2:00,1.40 ,65.90 ,660.70 ,10.00 ,0.90 ,1114.00 ,1476.00 ,958.00 ,797.00 
1/21/2023 3:00,1.40 ,67.10 ,691.40 ,10.30 ,0.90 ,1015.00 ,1613.00 ,856.00 ,834.00 
1/21/2023 4:00,1.90 ,67.90 ,1041.20 ,15.30 ,0.90 ,1199.00 ,1923.00 ,1038.00 ,1256.00 
1/21/2023 5:00,2.80 ,66.80 ,1506.30 ,22.60 ,0.90 ,1902.00 ,2423.00 ,1645.00 ,1817.00 
1/21/2023 6:00,2.90 ,70.70 ,1664.60 ,23.50 ,0.90 ,2874.00 ,2521.00 ,2320.00 ,2008.00 
1/21/2023 7:00,4.60 ,69.80 ,2214.30 ,31.70 ,0.90 ,3917.00 ,3025.00 ,3190.00 ,2671.00 
1/21/2023 8:00,6.00 ,66.10 ,3208.20 ,48.50 ,0.90 ,4534.00 ,3435.00 ,3643.00 ,3870.00 
1/21/2023 9:00,6.20 ,64.80 ,3582.90 ,55.30 ,0.90 ,4715.00 ,3578.00 ,3568.00 ,4322.00 
1/21/2023 10:00,8.70 ,63.80 ,5075.10 ,79.60 ,0.90 ,5851.00 ,4488.00 ,4796.00 ,6122.00 
1/21/2023 11:00,8.80 ,63.80 ,5134.80 ,80.50 ,0.90 ,6008.00 ,4549.00 ,5087.00 ,6194.00 
1/21/2023 12:00,8.80 ,62.90 ,5069.30 ,80.60 ,1.00 ,5569.00 ,4644.00 ,5717.00 ,6115.00 
1/21/2023 13:00,8.70 ,62.10 ,4881.20 ,78.60 ,1.00 ,4582.00 ,4353.00 ,4888.00 ,5888.00 
1/21/2023 14:00,10.80 ,54.40 ,5301.50 ,97.50 ,1.10 ,5380.00 ,4594.00 ,5424.00 ,6395.00 
1/21/2023 15:00,8.30 ,64.90 ,4967.40 ,76.50 ,0.90 ,5367.00 ,4445.00 ,5575.00 ,5992.00 
1/21/2023 16:00,8.60 ,64.70 ,5101.70 ,78.80 ,0.90 ,5571.00 ,4402.00 ,5718.00 ,6154.00 
1/21/2023 17:00,11.40 ,55.20 ,5669.50 ,102.80 ,1.10 ,5311.00 ,4813.00 ,5385.00 ,6839.00 
1/21/2023 18:00,9.20 ,63.20 ,5359.50 ,84.80 ,1.00 ,4980.00 ,4632.00 ,5146.00 ,6465.00 
1/21/2023 19:00,6.50 ,69.00 ,4029.80 ,58.40 ,0.90 ,4444.00 ,3761.00 ,4674.00 ,4861.00 
1/21/2023 20:00,5.70 ,69.60 ,3564.70 ,51.20 ,0.90 ,3644.00 ,3407.00 ,4051.00 ,4300.00 
1/21/2023 21:00,4.70 ,70.30 ,2928.00 ,41.60 ,0.90 ,3381.00 ,3076.00 ,3711.00 ,3532.00 
1/21/2023 22:00,2.90 ,72.00 ,1826.30 ,25.40 ,0.80 ,3115.00 ,2529.00 ,2795.00 ,2203.00 
1/21/2023 23:00,1.90 ,71.20 ,1187.10 ,16.70 ,0.80 ,2245.00 ,1966.00 ,2089.00 ,1432.00 
1/22/2023 0:00,1.50 ,71.70 ,903.60 ,12.60 ,0.80 ,1591.00 ,1669.00 ,1509.00 ,1090.00 
1/22/2023 1:00,1.10 ,68.10 ,651.60 ,9.60 ,0.90 ,1051.00 ,1421.00 ,979.00 ,786.00 
1/22/2023 2:00,1.00 ,65.80 ,513.20 ,7.80 ,0.90 ,895.00 ,1359.00 ,823.00 ,619.00 
1/22/2023 3:00,0.90 ,65.40 ,457.60 ,7.00 ,0.90 ,656.00 ,1373.00 ,586.00 ,552.00 
1/22/2023 4:00,1.10 ,69.50 ,663.20 ,9.50 ,0.90 ,730.00 ,1431.00 ,627.00 ,800.00 
1/22/2023 5:00,1.40 ,69.10 ,830.70 ,12.00 ,0.90 ,1134.00 ,1645.00 ,997.00 ,1002.00 
1/22/2023 6:00,1.80 ,69.20 ,1094.30 ,15.80 ,0.90 ,1564.00 ,1826.00 ,1248.00 ,1320.00 
1/22/2023 7:00,2.00 ,69.60 ,1264.20 ,18.20 ,0.90 ,2390.00 ,2096.00 ,2083.00 ,1525.00 
1/22/2023 8:00,3.00 ,69.70 ,1857.80 ,26.60 ,0.90 ,3090.00 ,2585.00 ,2790.00 ,2241.00 
1/22/2023 9:00,3.90 ,69.70 ,2431.50 ,34.90 ,0.90 ,4166.00 ,3019.00 ,3854.00 ,2933.00 
1/22/2023 10:00,7.40 ,56.40 ,3570.50 ,63.30 ,1.10 ,5026.00 ,3841.00 ,4931.00 ,4307.00 
1/22/2023 11:00,8.60 ,64.40 ,5256.70 ,81.70 ,0.90 ,5560.00 ,4663.00 ,5600.00 ,6341.00 
1/22/2023 12:00,9.50 ,62.50 ,5688.60 ,91.10 ,1.00 ,5372.00 ,4895.00 ,6086.00 ,6862.00 
1/22/2023 13:00,9.40 ,61.90 ,5573.40 ,90.10 ,1.00 ,5388.00 ,4879.00 ,5618.00 ,6723.00 
1/22/2023 14:00,9.40 ,62.70 ,5650.50 ,90.10 ,1.00 ,5648.00 ,4979.00 ,5761.00 ,6816.00 
1/22/2023 15:00,8.80 ,63.10 ,5327.20 ,84.50 ,1.00 ,5472.00 ,4696.00 ,5538.00 ,6426.00 
1/22/2023 16:00,9.50 ,60.40 ,5502.90 ,91.20 ,1.00 ,4971.00 ,4673.00 ,4599.00 ,6638.00 
1/22/2023 17:00,7.10 ,61.50 ,4044.70 ,65.80 ,1.00 ,4561.00 ,3935.00 ,4955.00 ,4879.00 
1/22/2023 18:00,14.40 ,36.90 ,4407.80 ,119.50 ,1.60 ,4041.00 ,4042.00 ,4480.00 ,5317.00 
1/22/2023 19:00,5.40 ,68.00 ,3280.40 ,48.20 ,0.90 ,3928.00 ,3399.00 ,4394.00 ,3957.00 
1/22/2023 20:00,6.10 ,64.60 ,3563.00 ,55.20 ,0.90 ,3175.00 ,3508.00 ,3448.00 ,4298.00 
1/22/2023 21:00,4.70 ,66.10 ,2818.60 ,42.60 ,0.90 ,2591.00 ,2968.00 ,2756.00 ,3400.00 
1/22/2023 22:00,3.20 ,66.40 ,1896.80 ,28.60 ,0.90 ,1948.00 ,2400.00 ,2030.00 ,2288.00 
1/22/2023 23:00,2.10 ,67.00 ,1222.00 ,18.30 ,0.90 ,1264.00 ,1885.00 ,1304.00 ,1474.00 
1/23/2023 0:00,1.60 ,67.30 ,834.80 ,12.40 ,0.90 ,969.00 ,1530.00 ,989.00 ,1007.00 
1/23/2023 1:00,1.40 ,65.00 ,625.10 ,9.60 ,0.90 ,614.00 ,1378.00 ,599.00 ,754.00 
1/23/2023 2:00,1.50 ,67.10 ,742.00 ,11.10 ,0.90 ,680.00 ,1483.00 ,575.00 ,895.00 
1/23/2023 3:00,2.90 ,67.00 ,1449.10 ,21.60 ,0.90 ,1039.00 ,2065.00 ,837.00 ,1748.00 
1/23/2023 4:00,5.90 ,66.90 ,3061.50 ,45.70 ,0.90 ,1848.00 ,3273.00 ,1565.00 ,3693.00 
1/23/2023 5:00,10.00 ,61.10 ,4834.70 ,79.20 ,1.00 ,2985.00 ,4172.00 ,2557.00 ,5832.00 
1/23/2023 6:00,23.80 ,31.20 ,5201.20 ,166.90 ,1.90 ,4360.00 ,4607.00 ,3588.00 ,6274.00 
1/23/2023 7:00,27.50 ,22.30 ,4850.50 ,217.30 ,2.70 ,4710.00 ,4444.00 ,3861.00 ,5851.00 
1/23/2023 8:00,29.10 ,20.90 ,4517.20 ,216.00 ,2.90 ,4617.00 ,4320.00 ,3939.00 ,5449.00 
1/23/2023 9:00,16.00 ,32.60 ,4408.60 ,135.30 ,1.80 ,4804.00 ,4222.00 ,4174.00 ,5318.00 
1/23/2023 10:00,10.20 ,50.10 ,4262.70 ,85.10 ,1.20 ,4426.00 ,4288.00 ,3987.00 ,5142.00 
1/23/2023 11:00,10.00 ,49.20 ,4175.70 ,84.90 ,1.20 ,4677.00 ,4236.00 ,4277.00 ,5037.00 
1/23/2023 12:00,9.90 ,50.90 ,4204.70 ,82.70 ,1.20 ,4545.00 ,4371.00 ,4366.00 ,5072.00 
1/23/2023 13:00,10.00 ,52.80 ,4432.70 ,83.90 ,1.10 ,4705.00 ,4427.00 ,4721.00 ,5347.00 
1/23/2023 14:00,11.20 ,51.60 ,4895.30 ,95.00 ,1.20 ,5276.00 ,4376.00 ,5535.00 ,5905.00 
1/23/2023 15:00,15.40 ,44.60 ,5327.20 ,119.50 ,1.40 ,5576.00 ,4565.00 ,5667.00 ,6426.00 
1/23/2023 16:00,14.40 ,42.20 ,5285.70 ,125.40 ,1.40 ,5537.00 ,4562.00 ,5492.00 ,6376.00 
1/23/2023 17:00,10.10 ,57.50 ,5050.30 ,87.80 ,1.00 ,5232.00 ,4427.00 ,5340.00 ,6092.00 
1/23/2023 18:00,7.80 ,61.50 ,4175.70 ,67.90 ,1.00 ,4564.00 ,3795.00 ,5171.00 ,5037.00 
1/23/2023 19:00,5.30 ,66.50 ,2914.80 ,43.80 ,0.90 ,3966.00 ,3202.00 ,4421.00 ,3516.00 
1/23/2023 20:00,4.50 ,64.40 ,2334.50 ,36.20 ,0.90 ,3218.00 ,2759.00 ,3662.00 ,2816.00 
1/23/2023 21:00,3.50 ,66.00 ,1790.60 ,27.10 ,0.90 ,2494.00 ,2303.00 ,2716.00 ,2160.00 
1/23/2023 22:00,3.00 ,65.00 ,1493.90 ,23.00 ,0.90 ,2116.00 ,2089.00 ,2277.00 ,1802.00 
1/23/2023 23:00,2.30 ,63.20 ,1014.70 ,16.10 ,1.00 ,1410.00 ,1710.00 ,1526.00 ,1224.00 
1/24/2023 0:00,2.00 ,62.50 ,774.30 ,12.40 ,1.00 ,1092.00 ,1482.00 ,1156.00 ,934.00 
1/24/2023 1:00,1.80 ,63.30 ,688.10 ,10.90 ,1.00 ,881.00 ,1451.00 ,867.00 ,830.00 
1/24/2023 2:00,2.30 ,63.00 ,835.60 ,13.30 ,1.00 ,869.00 ,1593.00 ,861.00 ,1008.00 
1/24/2023 3:00,3.10 ,68.80 ,1415.90 ,20.60 ,0.90 ,1123.00 ,2127.00 ,1002.00 ,1708.00 
1/24/2023 4:00,6.30 ,72.60 ,3158.50 ,43.50 ,0.80 ,1870.00 ,3306.00 ,1509.00 ,3810.00 
1/24/2023 5:00,11.90 ,70.90 ,5493.00 ,77.50 ,0.90 ,3244.00 ,4661.00 ,2572.00 ,6626.00 
1/24/2023 6:00,28.00 ,25.70 ,4995.60 ,194.70 ,2.30 ,4406.00 ,4419.00 ,3699.00 ,6026.00 
1/24/2023 7:00,28.90 ,22.30 ,5022.90 ,225.20 ,2.70 ,5005.00 ,4385.00 ,4214.00 ,6059.00 
1/24/2023 8:00,19.90 ,34.90 ,5063.50 ,145.10 ,1.70 ,4830.00 ,4662.00 ,4052.00 ,6108.00 
1/24/2023 9:00,18.50 ,30.40 ,4227.90 ,139.00 ,2.00 ,4744.00 ,3898.00 ,4129.00 ,5100.00 
1/24/2023 10:00,9.80 ,53.80 ,4069.60 ,75.70 ,1.10 ,4648.00 ,4184.00 ,4368.00 ,4909.00 
1/24/2023 11:00,9.90 ,55.40 ,4248.60 ,76.60 ,1.10 ,4839.00 ,4300.00 ,4434.00 ,5125.00 
1/24/2023 12:00,8.90 ,57.60 ,3930.30 ,68.30 ,1.00 ,5024.00 ,4207.00 ,5133.00 ,4741.00 
1/24/2023 13:00,9.30 ,59.80 ,4315.80 ,72.20 ,1.00 ,5270.00 ,4187.00 ,4760.00 ,5206.00 
1/24/2023 14:00,9.80 ,63.50 ,4963.20 ,78.10 ,0.90 ,5492.00 ,4453.00 ,5434.00 ,5987.00 
1/24/2023 15:00,11.50 ,61.10 ,5595.80 ,91.50 ,1.00 ,5409.00 ,4796.00 ,5558.00 ,6750.00 
1/24/2023 16:00,15.00 ,52.90 ,5609.80 ,106.00 ,1.10 ,5939.00 ,4781.00 ,5654.00 ,6767.00 
1/24/2023 17:00,11.70 ,55.10 ,5393.50 ,97.90 ,1.10 ,5333.00 ,4581.00 ,5562.00 ,6506.00 
1/24/2023 18:00,7.30 ,67.50 ,3952.70 ,58.50 ,0.90 ,4854.00 ,3780.00 ,5397.00 ,4768.00 
1/24/2023 19:00,5.60 ,69.50 ,3002.60 ,43.20 ,0.90 ,4263.00 ,3152.00 ,4968.00 ,3622.00 
1/24/2023 20:00,4.80 ,68.40 ,2528.50 ,37.00 ,0.90 ,3493.00 ,2868.00 ,3827.00 ,3050.00 
1/24/2023 21:00,4.00 ,68.00 ,2020.30 ,29.70 ,0.90 ,2779.00 ,2777.00 ,3033.00 ,2437.00 
1/24/2023 22:00,3.20 ,64.00 ,1401.00 ,21.90 ,0.90 ,2247.00 ,2293.00 ,2477.00 ,1690.00 
1/24/2023 23:00,2.70 ,62.60 ,1091.80 ,17.40 ,1.00 ,1650.00 ,1929.00 ,1816.00 ,1317.00 
1/25/2023 0:00,2.10 ,66.00 ,808.30 ,12.30 ,0.90 ,1187.00 ,1551.00 ,1275.00 ,975.00 
1/25/2023 1:00,1.80 ,63.80 ,669.00 ,10.50 ,0.90 ,879.00 ,1563.00 ,870.00 ,807.00 
1/25/2023 2:00,1.90 ,63.80 ,703.00 ,11.00 ,0.90 ,932.00 ,1644.00 ,890.00 ,848.00 
1/25/2023 3:00,3.10 ,66.70 ,1381.10 ,20.70 ,0.90 ,1094.00 ,2355.00 ,1011.00 ,1666.00 
1/25/2023 4:00,6.20 ,69.50 ,3165.10 ,45.60 ,0.90 ,1857.00 ,3356.00 ,1467.00 ,3818.00 
1/25/2023 5:00,11.30 ,69.40 ,5318.00 ,76.60 ,0.90 ,3259.00 ,4545.00 ,2667.00 ,6415.00 
1/25/2023 6:00,21.00 ,37.60 ,5459.00 ,145.20 ,1.60 ,4506.00 ,4785.00 ,3711.00 ,6585.00 
1/25/2023 7:00,28.20 ,22.50 ,4912.70 ,218.10 ,2.70 ,4984.00 ,4412.00 ,4194.00 ,5926.00 
1/25/2023 8:00,29.00 ,21.00 ,4694.60 ,223.80 ,2.90 ,4837.00 ,4395.00 ,3986.00 ,5663.00 
1/25/2023 9:00,23.50 ,25.40 ,4281.80 ,168.50 ,2.40 ,4835.00 ,4133.00 ,4228.00 ,5165.00 
1/25/2023 10:00,9.40 ,59.00 ,4203.90 ,71.20 ,1.00 ,4521.00 ,4092.00 ,4344.00 ,5071.00 
1/25/2023 11:00,9.90 ,55.90 ,4220.40 ,75.50 ,1.10 ,4975.00 ,4150.00 ,4613.00 ,5091.00 
1/25/2023 12:00,10.10 ,58.00 ,4557.00 ,78.60 ,1.00 ,5023.00 ,4381.00 ,4819.00 ,5497.00 
1/25/2023 13:00,9.20 ,60.30 ,4290.90 ,71.20 ,1.00 ,5239.00 ,4106.00 ,5177.00 ,5176.00 
1/25/2023 14:00,15.80 ,45.70 ,4853.00 ,106.30 ,1.30 ,5934.00 ,4310.00 ,5534.00 ,5854.00 
1/25/2023 15:00,16.30 ,39.90 ,5371.10 ,134.50 ,1.50 ,5543.00 ,4648.00 ,5595.00 ,6479.00 
1/25/2023 16:00,25.50 ,28.40 ,5215.20 ,183.40 ,2.10 ,5365.00 ,4589.00 ,5066.00 ,6291.00 
1/25/2023 17:00,14.10 ,43.10 ,5333.80 ,123.80 ,1.40 ,5240.00 ,4570.00 ,5366.00 ,6434.00 
1/25/2023 18:00,8.60 ,64.00 ,4472.50 ,69.80 ,0.90 ,5084.00 ,4051.00 ,5422.00 ,5395.00 
1/25/2023 19:00,5.60 ,66.90 ,2976.10 ,44.50 ,0.90 ,4143.00 ,3177.00 ,4487.00 ,3590.00 
1/25/2023 20:00,4.80 ,68.20 ,2618.80 ,38.40 ,0.90 ,3918.00 ,2833.00 ,4438.00 ,3159.00 
1/25/2023 21:00,4.00 ,66.30 ,2058.40 ,31.10 ,0.90 ,2958.00 ,2580.00 ,3362.00 ,2483.00 
1/25/2023 22:00,3.20 ,66.40 ,1632.30 ,24.60 ,0.90 ,2365.00 ,2169.00 ,2535.00 ,1969.00 
1/25/2023 23:00,2.10 ,67.10 ,1063.60 ,15.90 ,0.90 ,1553.00 ,1723.00 ,1715.00 ,1283.00 
1/26/2023 0:00,1.80 ,66.80 ,797.50 ,11.90 ,0.90 ,1348.00 ,1525.00 ,1280.00 ,962.00 
1/26/2023 1:00,1.80 ,66.50 ,750.30 ,11.30 ,0.90 ,919.00 ,1464.00 ,851.00 ,905.00 
1/26/2023 2:00,2.00 ,63.20 ,777.60 ,12.30 ,1.00 ,966.00 ,1550.00 ,866.00 ,938.00 
1/26/2023 3:00,3.10 ,64.90 ,1380.30 ,21.30 ,0.90 ,1150.00 ,2155.00 ,953.00 ,1665.00 
1/26/2023 4:00,6.50 ,69.20 ,3199.90 ,46.30 ,0.90 ,1824.00 ,3291.00 ,1419.00 ,3860.00 
1/26/2023 5:00,12.00 ,66.30 ,5146.40 ,77.70 ,0.90 ,3257.00 ,4555.00 ,2534.00 ,6208.00 
1/26/2023 6:00,27.60 ,25.30 ,4772.60 ,188.90 ,2.40 ,4519.00 ,4374.00 ,3647.00 ,5757.00 
1/26/2023 7:00,29.20 ,21.80 ,4901.10 ,225.20 ,2.80 ,4915.00 ,4305.00 ,3831.00 ,5912.00 
1/26/2023 8:00,30.10 ,19.00 ,4346.50 ,228.30 ,3.20 ,4763.00 ,4306.00 ,3966.00 ,5243.00 
1/26/2023 9:00,19.10 ,30.00 ,4610.90 ,153.50 ,2.00 ,4491.00 ,4225.00 ,4040.00 ,5562.00 
1/26/2023 10:00,11.30 ,52.30 ,4669.80 ,89.30 ,1.20 ,4146.00 ,4344.00 ,3920.00 ,5633.00 
1/26/2023 11:00,10.40 ,54.10 ,4442.60 ,82.10 ,1.10 ,4978.00 ,4230.00 ,3770.00 ,5359.00 
1/26/2023 12:00,9.90 ,57.30 ,4479.90 ,78.20 ,1.10 ,4915.00 ,4191.00 ,4145.00 ,5404.00 
1/26/2023 13:00,10.80 ,55.70 ,4751.80 ,85.30 ,1.10 ,3645.00 ,4228.00 ,4211.00 ,5732.00 
1/26/2023 14:00,11.40 ,55.70 ,4942.50 ,88.70 ,1.10 ,4959.00 ,4373.00 ,5413.00 ,5962.00 
1/26/2023 15:00,11.70 ,56.80 ,5434.90 ,95.70 ,1.10 ,5606.00 ,4674.00 ,5634.00 ,6556.00 
1/26/2023 16:00,11.30 ,58.90 ,5265.80 ,89.40 ,1.00 ,5493.00 ,4541.00 ,5228.00 ,6352.00 
1/26/2023 17:00,11.10 ,58.80 ,5349.50 ,91.00 ,1.00 ,5154.00 ,4589.00 ,5029.00 ,6453.00 
1/26/2023 18:00,8.70 ,63.40 ,4534.60 ,71.50 ,1.00 ,4831.00 ,4204.00 ,5484.00 ,5470.00 
1/26/2023 19:00,5.80 ,69.30 ,3210.70 ,46.30 ,0.90 ,4108.00 ,3343.00 ,4879.00 ,3873.00 
1/26/2023 20:00,5.00 ,68.80 ,2708.30 ,39.40 ,0.90 ,3860.00 ,2876.00 ,4259.00 ,3267.00 
1/26/2023 21:00,4.40 ,67.30 ,2236.60 ,33.20 ,0.90 ,3073.00 ,2963.00 ,3215.00 ,2698.00 
1/26/2023 22:00,3.50 ,67.30 ,1745.90 ,26.00 ,0.90 ,2405.00 ,2880.00 ,2655.00 ,2106.00 
1/26/2023 23:00,2.80 ,66.30 ,1255.10 ,18.90 ,0.90 ,1663.00 ,2467.00 ,1924.00 ,1514.00 
1/27/2023 0:00,2.10 ,65.50 ,892.80 ,13.60 ,0.90 ,1267.00 ,1964.00 ,1376.00 ,1077.00 
1/27/2023 1:00,1.60 ,67.00 ,699.70 ,10.40 ,0.90 ,976.00 ,1761.00 ,975.00 ,844.00 
1/27/2023 2:00,1.90 ,65.60 ,799.20 ,12.20 ,0.90 ,943.00 ,1867.00 ,931.00 ,964.00 
1/27/2023 3:00,3.00 ,67.10 ,1327.20 ,19.80 ,0.90 ,1159.00 ,2239.00 ,1001.00 ,1601.00 
1/27/2023 4:00,5.80 ,72.90 ,2939.60 ,40.30 ,0.80 ,1865.00 ,3277.00 ,1577.00 ,3546.00 
1/27/2023 5:00,10.10 ,72.70 ,4728.60 ,65.10 ,0.80 ,3276.00 ,4327.00 ,2609.00 ,5704.00 
1/27/2023 6:00,13.40 ,51.20 ,5354.50 ,104.60 ,1.20 ,4293.00 ,4670.00 ,3636.00 ,6459.00 
1/27/2023 7:00,23.10 ,31.70 ,5518.70 ,174.00 ,1.90 ,4729.00 ,4829.00 ,4037.00 ,6657.00 
1/27/2023 8:00,20.60 ,30.10 ,5071.00 ,168.60 ,2.00 ,4898.00 ,4545.00 ,4414.00 ,6117.00 
1/27/2023 9:00,12.30 ,44.20 ,4588.50 ,103.80 ,1.40 ,5029.00 ,4289.00 ,4898.00 ,5535.00 
1/27/2023 10:00,9.90 ,57.60 ,4444.30 ,77.20 ,1.00 ,5196.00 ,4239.00 ,4912.00 ,5361.00 
1/27/2023 11:00,10.40 ,55.30 ,4537.10 ,82.00 ,1.10 ,5549.00 ,4331.00 ,5670.00 ,5473.00 
1/27/2023 12:00,9.80 ,58.30 ,4453.40 ,76.40 ,1.00 ,5678.00 ,4157.00 ,5760.00 ,5372.00 
1/27/2023 13:00,9.80 ,56.40 ,4623.30 ,81.90 ,1.10 ,5894.00 ,4351.00 ,5601.00 ,5577.00 
1/27/2023 14:00,14.10 ,51.60 ,5187.90 ,100.60 ,1.20 ,5653.00 ,4641.00 ,5596.00 ,6258.00 
1/27/2023 15:00,27.70 ,22.10 ,4860.40 ,219.70 ,2.70 ,5210.00 ,4478.00 ,5219.00 ,5863.00 
1/27/2023 16:00,12.20 ,52.10 ,5502.10 ,105.50 ,1.20 ,5342.00 ,4700.00 ,5382.00 ,6637.00 
1/27/2023 17:00,14.60 ,46.70 ,5332.10 ,114.10 ,1.30 ,5181.00 ,4563.00 ,5195.00 ,6432.00 
1/27/2023 18:00,10.50 ,54.10 ,5134.80 ,95.00 ,1.10 ,4998.00 ,4482.00 ,5353.00 ,6194.00 
1/27/2023 19:00,7.20 ,67.00 ,4085.30 ,61.00 ,0.90 ,5048.00 ,3948.00 ,5221.00 ,4928.00 
1/27/2023 20:00,5.60 ,69.40 ,3235.60 ,46.70 ,0.90 ,4298.00 ,3206.00 ,4979.00 ,3903.00 
1/27/2023 21:00,4.80 ,69.60 ,2843.50 ,40.80 ,0.90 ,3772.00 ,3062.00 ,4028.00 ,3430.00 
1/27/2023 22:00,4.00 ,67.80 ,2265.70 ,33.40 ,0.90 ,2997.00 ,2804.00 ,3201.00 ,2733.00 
1/27/2023 23:00,2.70 ,66.50 ,1490.50 ,22.40 ,0.90 ,2199.00 ,2300.00 ,2310.00 ,1798.00 
1/28/2023 0:00,2.30 ,67.50 ,1171.40 ,17.40 ,0.90 ,1699.00 ,2179.00 ,1830.00 ,1413.00 
1/28/2023 1:00,1.80 ,66.00 ,839.80 ,12.70 ,0.90 ,1254.00 ,1820.00 ,1260.00 ,1013.00 
1/28/2023 2:00,2.00 ,64.90 ,869.60 ,13.40 ,0.90 ,1056.00 ,1852.00 ,1056.00 ,1049.00 
1/28/2023 3:00,2.00 ,65.80 ,924.30 ,14.10 ,0.90 ,964.00 ,2066.00 ,818.00 ,1115.00 
1/28/2023 4:00,2.60 ,64.80 ,1312.30 ,20.20 ,0.90 ,1185.00 ,2145.00 ,997.00 ,1583.00 
1/28/2023 5:00,3.60 ,65.50 ,1956.40 ,29.90 ,0.90 ,1808.00 ,2509.00 ,1731.00 ,2360.00 
1/28/2023 6:00,4.40 ,68.30 ,2448.00 ,35.80 ,0.90 ,2798.00 ,2794.00 ,2678.00 ,2953.00 
1/28/2023 7:00,6.00 ,67.20 ,3487.60 ,51.90 ,0.90 ,3794.00 ,3483.00 ,3731.00 ,4207.00 
1/28/2023 8:00,8.90 ,64.70 ,5088.40 ,78.60 ,0.90 ,4512.00 ,4386.00 ,4353.00 ,6138.00 
1/28/2023 9:00,11.00 ,60.80 ,6047.60 ,99.50 ,1.00 ,5442.00 ,4861.00 ,4858.00 ,7295.00 
1/28/2023 10:00,21.90 ,30.90 ,5576.70 ,180.30 ,1.90 ,5618.00 ,4879.00 ,5035.00 ,6727.00 
1/28/2023 11:00,12.90 ,41.30 ,5216.10 ,126.40 ,1.50 ,5859.00 ,4743.00 ,5591.00 ,6292.00 
1/28/2023 12:00,17.90 ,40.20 ,5633.90 ,140.20 ,1.50 ,5434.00 ,4938.00 ,4936.00 ,6796.00 
1/28/2023 13:00,23.50 ,25.70 ,5329.60 ,207.30 ,2.30 ,5761.00 ,4831.00 ,5410.00 ,6429.00 
1/28/2023 14:00,23.80 ,29.00 ,5662.10 ,195.10 ,2.10 ,5556.00 ,5069.00 ,5095.00 ,6830.00 
1/28/2023 15:00,25.00 ,25.00 ,5398.50 ,216.10 ,2.40 ,5734.00 ,4806.00 ,5494.00 ,6512.00 
1/28/2023 16:00,27.10 ,21.70 ,5110.00 ,235.00 ,2.80 ,5637.00 ,4669.00 ,5244.00 ,6164.00 
1/28/2023 17:00,26.60 ,24.40 ,5018.80 ,205.60 ,2.50 ,5090.00 ,4584.00 ,5048.00 ,6054.00 
1/28/2023 18:00,20.10 ,31.50 ,5293.20 ,168.20 ,1.90 ,5017.00 ,4618.00 ,4663.00 ,6385.00 
1/28/2023 19:00,8.40 ,52.20 ,4057.10 ,77.80 ,1.20 ,4700.00 ,3861.00 ,4619.00 ,4894.00 
1/28/2023 20:00,6.40 ,67.80 ,3853.20 ,56.80 ,0.90 ,4023.00 ,3613.00 ,4018.00 ,4648.00 
1/28/2023 21:00,5.50 ,70.00 ,3400.60 ,48.60 ,0.90 ,3748.00 ,3438.00 ,3867.00 ,4102.00 
1/28/2023 22:00,4.50 ,69.50 ,2748.10 ,39.50 ,0.90 ,3289.00 ,3182.00 ,3240.00 ,3315.00 
1/28/2023 23:00,3.20 ,66.80 ,1842.90 ,27.60 ,0.90 ,2599.00 ,2536.00 ,2788.00 ,2223.00 
1/29/2023 0:00,2.30 ,68.40 ,1391.90 ,20.40 ,0.90 ,1817.00 ,2132.00 ,1806.00 ,1679.00 
1/29/2023 1:00,1.80 ,67.10 ,1023.80 ,15.30 ,0.90 ,1202.00 ,1809.00 ,1181.00 ,1235.00 
1/29/2023 2:00,1.50 ,66.30 ,776.80 ,11.70 ,0.90 ,894.00 ,1444.00 ,864.00 ,937.00 
1/29/2023 3:00,1.40 ,66.50 ,732.80 ,11.00 ,0.90 ,692.00 ,1447.00 ,631.00 ,884.00 
1/29/2023 4:00,1.60 ,65.20 ,853.90 ,13.10 ,0.90 ,754.00 ,1674.00 ,654.00 ,1030.00 
1/29/2023 5:00,1.90 ,66.30 ,1061.10 ,16.00 ,0.90 ,1122.00 ,1887.00 ,1060.00 ,1280.00 
1/29/2023 6:00,2.80 ,67.40 ,1592.50 ,23.60 ,0.90 ,1623.00 ,2151.00 ,1573.00 ,1921.00 
1/29/2023 7:00,3.30 ,69.00 ,2036.90 ,29.50 ,0.90 ,2343.00 ,2580.00 ,2349.00 ,2457.00 
1/29/2023 8:00,4.30 ,70.80 ,2731.60 ,38.60 ,0.90 ,3045.00 ,2906.00 ,3086.00 ,3295.00 
1/29/2023 9:00,6.50 ,71.00 ,4157.40 ,58.60 ,0.90 ,3783.00 ,3810.00 ,3746.00 ,5015.00 
1/29/2023 10:00,11.40 ,56.70 ,5638.00 ,99.50 ,1.10 ,5011.00 ,4666.00 ,4480.00 ,6801.00 
1/29/2023 11:00,16.00 ,43.50 ,6294.60 ,144.70 ,1.40 ,5667.00 ,5198.00 ,4897.00 ,7593.00 
1/29/2023 12:00,17.00 ,32.90 ,5259.20 ,160.00 ,1.80 ,5365.00 ,4830.00 ,4723.00 ,6344.00 
1/29/2023 13:00,18.70 ,31.40 ,5182.10 ,165.20 ,1.90 ,5356.00 ,4610.00 ,4780.00 ,6251.00 
1/29/2023 14:00,19.20 ,36.00 ,5691.10 ,158.10 ,1.70 ,5436.00 ,4910.00 ,4991.00 ,6865.00 
1/29/2023 15:00,14.40 ,41.30 ,5371.10 ,130.00 ,1.50 ,5069.00 ,4611.00 ,4472.00 ,6479.00 
1/29/2023 16:00,16.30 ,32.20 ,4882.80 ,151.90 ,1.90 ,4747.00 ,4402.00 ,4232.00 ,5890.00 
1/29/2023 17:00,8.70 ,62.00 ,5114.10 ,82.50 ,1.00 ,4300.00 ,4425.00 ,4075.00 ,6169.00 
1/29/2023 18:00,8.10 ,61.30 ,4672.20 ,76.20 ,1.00 ,3945.00 ,4114.00 ,3702.00 ,5636.00 
1/29/2023 19:00,7.10 ,64.80 ,4181.50 ,64.50 ,0.90 ,3464.00 ,3887.00 ,3436.00 ,5044.00 
1/29/2023 20:00,6.00 ,66.30 ,3649.30 ,55.00 ,0.90 ,2908.00 ,3456.00 ,2993.00 ,4402.00 
1/29/2023 21:00,4.50 ,69.10 ,2589.00 ,37.50 ,0.90 ,2346.00 ,2849.00 ,2405.00 ,3123.00 
1/29/2023 22:00,3.10 ,69.60 ,1789.80 ,25.70 ,0.90 ,1851.00 ,2242.00 ,1966.00 ,2159.00 
1/29/2023 23:00,2.10 ,70.80 ,1204.50 ,17.00 ,0.90 ,1262.00 ,1828.00 ,1175.00 ,1453.00 
1/30/2023 0:00,1.60 ,70.00 ,789.20 ,11.30 ,0.90 ,904.00 ,1507.00 ,909.00 ,952.00 
1/30/2023 1:00,1.50 ,69.00 ,678.10 ,9.80 ,0.90 ,698.00 ,1430.00 ,635.00 ,818.00 
1/30/2023 2:00,1.50 ,68.80 ,678.10 ,9.90 ,0.90 ,673.00 ,1488.00 ,574.00 ,818.00 
1/30/2023 3:00,2.70 ,69.80 ,1299.00 ,18.60 ,0.90 ,953.00 ,2060.00 ,774.00 ,1567.00 
1/30/2023 4:00,6.80 ,65.30 ,3192.50 ,48.90 ,0.90 ,1717.00 ,3315.00 ,1387.00 ,3851.00 
1/30/2023 5:00,10.00 ,69.00 ,4838.90 ,70.20 ,0.90 ,2860.00 ,4292.00 ,2369.00 ,5837.00 
1/30/2023 6:00,10.40 ,61.20 ,4907.70 ,80.30 ,1.00 ,3887.00 ,4281.00 ,3203.00 ,5920.00 
1/30/2023 7:00,22.80 ,35.70 ,5874.30 ,164.40 ,1.70 ,4769.00 ,4946.00 ,4078.00 ,7086.00 
1/30/2023 8:00,14.40 ,48.30 ,5429.10 ,112.30 ,1.20 ,4574.00 ,4583.00 ,3916.00 ,6549.00 
1/30/2023 9:00,10.00 ,57.90 ,4513.10 ,77.90 ,1.00 ,4181.00 ,4121.00 ,3889.00 ,5444.00 
1/30/2023 10:00,9.80 ,60.70 ,4430.20 ,73.00 ,1.00 ,4365.00 ,4143.00 ,4010.00 ,5344.00 
1/30/2023 11:00,9.30 ,61.60 ,4265.20 ,69.20 ,1.00 ,4904.00 ,4111.00 ,4513.00 ,5145.00 
1/30/2023 12:00,9.20 ,62.60 ,4324.10 ,69.10 ,1.00 ,4746.00 ,4102.00 ,4847.00 ,5216.00 
1/30/2023 13:00,9.40 ,61.40 ,4412.80 ,71.90 ,1.00 ,4969.00 ,4151.00 ,4806.00 ,5323.00 
1/30/2023 14:00,9.30 ,62.90 ,4588.50 ,72.90 ,1.00 ,4921.00 ,4166.00 ,2177.00 ,5535.00 
1/30/2023 15:00,11.20 ,60.80 ,5384.40 ,88.50 ,1.00 ,5685.00 ,4539.00 ,5569.00 ,6495.00 
1/30/2023 16:00,10.80 ,63.30 ,5363.60 ,84.70 ,1.00 ,5362.00 ,4477.00 ,5677.00 ,6470.00 
1/30/2023 17:00,10.20 ,65.70 ,5318.90 ,81.00 ,0.90 ,5044.00 ,4533.00 ,5699.00 ,6416.00 
1/30/2023 18:00,7.20 ,68.00 ,3835.80 ,56.40 ,0.90 ,4421.00 ,3718.00 ,5061.00 ,4627.00 
1/30/2023 19:00,4.80 ,72.20 ,2710.80 ,37.50 ,0.80 ,3469.00 ,3051.00 ,3908.00 ,3270.00 
1/30/2023 20:00,4.30 ,69.00 ,2313.70 ,33.50 ,0.90 ,2913.00 ,2778.00 ,3135.00 ,2791.00 
1/30/2023 21:00,3.50 ,68.90 ,1754.20 ,25.50 ,0.90 ,2413.00 ,2647.00 ,2505.00 ,2116.00 
1/30/2023 22:00,3.00 ,69.00 ,1449.10 ,21.00 ,0.90 ,1960.00 ,2675.00 ,2094.00 ,1748.00 
1/30/2023 23:00,2.10 ,66.50 ,914.40 ,13.70 ,0.90 ,1416.00 ,2033.00 ,1471.00 ,1103.00 
1/31/2023 0:00,1.80 ,66.30 ,747.80 ,11.30 ,0.90 ,1088.00 ,1820.00 ,1125.00 ,902.00 
1/31/2023 1:00,1.80 ,62.80 ,654.90 ,10.40 ,1.00 ,877.00 ,1611.00 ,852.00 ,790.00 
1/31/2023 2:00,1.90 ,62.60 ,680.60 ,10.90 ,1.00 ,908.00 ,1790.00 ,793.00 ,821.00 
1/31/2023 3:00,3.40 ,69.40 ,1393.60 ,20.10 ,0.90 ,1131.00 ,2694.00 ,972.00 ,1681.00 
1/31/2023 4:00,6.50 ,73.70 ,3274.60 ,44.40 ,0.80 ,1908.00 ,3556.00 ,1518.00 ,3950.00 
1/31/2023 5:00,11.90 ,71.70 ,5536.10 ,77.20 ,0.80 ,3266.00 ,4699.00 ,2352.00 ,6678.00 
1/31/2023 6:00,14.00 ,53.80 ,5428.30 ,101.00 ,1.10 ,4406.00 ,4657.00 ,3668.00 ,6548.00 
1/31/2023 7:00,27.40 ,26.70 ,5362.80 ,201.20 ,2.30 ,4804.00 ,4670.00 ,4014.00 ,6469.00 
1/31/2023 8:00,29.30 ,21.40 ,4562.80 ,213.00 ,2.80 ,4702.00 ,4180.00 ,3912.00 ,5504.00 
1/31/2023 9:00,25.20 ,22.60 ,4177.30 ,184.60 ,2.70 ,4468.00 ,4069.00 ,4134.00 ,5039.00 
1/31/2023 10:00,10.40 ,56.10 ,4347.30 ,77.60 ,1.10 ,4166.00 ,4098.00 ,3993.00 ,5244.00 
1/31/2023 11:00,9.50 ,58.00 ,4148.30 ,71.50 ,1.00 ,4352.00 ,4043.00 ,4429.00 ,5004.00 
1/31/2023 12:00,9.70 ,59.70 ,4381.30 ,73.40 ,1.00 ,4561.00 ,4172.00 ,4653.00 ,5285.00 
1/31/2023 13:00,9.10 ,59.90 ,4296.70 ,71.70 ,1.00 ,4826.00 ,4026.00 ,4910.00 ,5183.00 
1/31/2023 14:00,11.10 ,57.20 ,4940.80 ,86.30 ,1.10 ,5362.00 ,4431.00 ,5582.00 ,5960.00 
1/31/2023 15:00,12.50 ,54.30 ,5503.70 ,101.30 ,1.10 ,5522.00 ,4712.00 ,5631.00 ,6639.00 
1/31/2023 16:00,14.90 ,51.10 ,5439.90 ,106.40 ,1.20 ,5322.00 ,4682.00 ,5420.00 ,6562.00 
1/31/2023 17:00,18.20 ,35.00 ,5078.50 ,145.00 ,1.70 ,5207.00 ,4567.00 ,5353.00 ,6126.00 
1/31/2023 18:00,8.30 ,66.20 ,4375.50 ,66.10 ,0.90 ,4899.00 ,4135.00 ,5451.00 ,5278.00 
1/31/2023 19:00,5.60 ,69.50 ,3049.90 ,43.90 ,0.90 ,4034.00 ,3229.00 ,4752.00 ,3679.00 
1/31/2023 20:00,4.70 ,67.80 ,2449.70 ,36.10 ,0.90 ,3273.00 ,2936.00 ,3855.00 ,2955.00 
1/31/2023 21:00,4.10 ,66.60 ,2012.80 ,30.20 ,0.90 ,2713.00 ,2875.00 ,3086.00 ,2428.00 
1/31/2023 22:00,3.30 ,62.50 ,1454.10 ,23.30 ,1.00 ,2123.00 ,2804.00 ,2383.00 ,1754.00 
1/31/2023 23:00,2.20 ,67.50 ,1009.70 ,15.00 ,0.90 ,1646.00 ,2064.00 ,1682.00 ,1218.00 
